scope,estado,disease_name,case_count,confirmation_status,status
STATE,Aguascalientes,Acute otitis media,788,CONFIRMED,ACTIVE
STATE,Aguascalientes,Brucellosis,3,CONFIRMED,ACTIVE
STATE,Aguascalientes,COVID-19,14,CONFIRMED,ACTIVE
STATE,Aguascalientes,Chagas disease,1,CONFIRMED,ACTIVE
STATE,Aguascalientes,Chancroid,7,CONFIRMED,ACTIVE
STATE,Aguascalientes,Chickenpox,364,CONFIRMED,ACTIVE
STATE,Aguascalientes,Common cold,84379,CONFIRMED,ACTIVE
STATE,Aguascalientes,Conjunctivitis,1360,CONFIRMED,ACTIVE
STATE,Aguascalientes,Cysticercosis,1,CONFIRMED,ACTIVE
STATE,Aguascalientes,Erysipelas,10,CONFIRMED,ACTIVE
STATE,Aguascalientes,Genital herpes,18,CONFIRMED,ACTIVE
STATE,Aguascalientes,Gonorrhea,7,CONFIRMED,ACTIVE
STATE,Aguascalientes,HIV/AIDS,17,CONFIRMED,ACTIVE
STATE,Aguascalientes,HPV,15,CONFIRMED,ACTIVE
STATE,Aguascalientes,Healthcare-associated infection,506,CONFIRMED,ACTIVE
STATE,Aguascalientes,Hepatitis A,7,CONFIRMED,ACTIVE
STATE,Aguascalientes,Hepatitis B,1,CONFIRMED,ACTIVE
STATE,Aguascalientes,Infectious gastroenteritis,24205,CONFIRMED,ACTIVE
STATE,Aguascalientes,Influenza,253,CONFIRMED,ACTIVE
STATE,Aguascalientes,Lymphogranuloma venereum,1,CONFIRMED,ACTIVE
STATE,Aguascalientes,Meningitis,3,CONFIRMED,ACTIVE
STATE,Aguascalientes,Mumps,41,CONFIRMED,ACTIVE
STATE,Aguascalientes,Myiasis,1,CONFIRMED,ACTIVE
STATE,Aguascalientes,Other viral hepatitis,4,CONFIRMED,ACTIVE
STATE,Aguascalientes,Parasitic disease,149,CONFIRMED,ACTIVE
STATE,Aguascalientes,Pneumonia,760,CONFIRMED,ACTIVE
STATE,Aguascalientes,Scabies,18,CONFIRMED,ACTIVE
STATE,Aguascalientes,Scarlet fever,19,CONFIRMED,ACTIVE
STATE,Aguascalientes,Strep throat,302,CONFIRMED,ACTIVE
STATE,Aguascalientes,Syphilis,59,CONFIRMED,ACTIVE
STATE,Aguascalientes,Taeniasis,2,CONFIRMED,ACTIVE
STATE,Aguascalientes,Trichomonas infection,9,CONFIRMED,ACTIVE
STATE,Aguascalientes,Tuberculosis,24,CONFIRMED,ACTIVE
STATE,Aguascalientes,Typhoid fever,3,CONFIRMED,ACTIVE
STATE,Aguascalientes,Urethritis,12647,CONFIRMED,ACTIVE
STATE,Aguascalientes,Vaginal yeast infection,182,CONFIRMED,ACTIVE
STATE,Aguascalientes,Vaginitis,732,CONFIRMED,ACTIVE
STATE,Aguascalientes,Viral exanthem,267,CONFIRMED,ACTIVE
STATE,Aguascalientes,Whooping cough,6,CONFIRMED,ACTIVE
STATE,Baja California,Acute otitis media,869,CONFIRMED,ACTIVE
STATE,Baja California,Brucellosis,2,CONFIRMED,ACTIVE
STATE,Baja California,Chagas disease,4,CONFIRMED,ACTIVE
STATE,Baja California,Chancroid,38,CONFIRMED,ACTIVE
STATE,Baja California,Chickenpox,905,CONFIRMED,ACTIVE
STATE,Baja California,Common cold,121129,CONFIRMED,ACTIVE
STATE,Baja California,Conjunctivitis,713,CONFIRMED,ACTIVE
STATE,Baja California,Cysticercosis,2,CONFIRMED,ACTIVE
STATE,Baja California,Dengue fever,2,CONFIRMED,ACTIVE
STATE,Baja California,Erysipelas,16,CONFIRMED,ACTIVE
STATE,Baja California,Genital herpes,65,CONFIRMED,ACTIVE
STATE,Baja California,Gonorrhea,32,CONFIRMED,ACTIVE
STATE,Baja California,HIV/AIDS,114,CONFIRMED,ACTIVE
STATE,Baja California,HPV,75,CONFIRMED,ACTIVE
STATE,Baja California,Healthcare-associated infection,716,CONFIRMED,ACTIVE
STATE,Baja California,Hepatitis A,13,CONFIRMED,ACTIVE
STATE,Baja California,Hepatitis B,30,CONFIRMED,ACTIVE
STATE,Baja California,Hepatitis C,416,CONFIRMED,ACTIVE
STATE,Baja California,Infectious gastroenteritis,43830,CONFIRMED,ACTIVE
STATE,Baja California,Influenza,74,CONFIRMED,ACTIVE
STATE,Baja California,Lymphogranuloma venereum,2,CONFIRMED,ACTIVE
STATE,Baja California,Meningitis,30,CONFIRMED,ACTIVE
STATE,Baja California,Mumps,223,CONFIRMED,ACTIVE
STATE,Baja California,Myiasis,2,CONFIRMED,ACTIVE
STATE,Baja California,Other viral hepatitis,24,CONFIRMED,ACTIVE
STATE,Baja California,Parasitic disease,338,CONFIRMED,ACTIVE
STATE,Baja California,Paratyphoid fever,117,CONFIRMED,ACTIVE
STATE,Baja California,Pinworm infection,29,CONFIRMED,ACTIVE
STATE,Baja California,Pneumonia,3008,CONFIRMED,ACTIVE
STATE,Baja California,Rocky Mountain spotted fever,33,CONFIRMED,ACTIVE
STATE,Baja California,Scabies,172632,CONFIRMED,ACTIVE
STATE,Baja California,Scarlet fever,18,CONFIRMED,ACTIVE
STATE,Baja California,Strep throat,775,CONFIRMED,ACTIVE
STATE,Baja California,Syphilis,500,CONFIRMED,ACTIVE
STATE,Baja California,Taeniasis,1,CONFIRMED,ACTIVE
STATE,Baja California,Trichomonas infection,254,CONFIRMED,ACTIVE
STATE,Baja California,Tuberculosis,187890,CONFIRMED,ACTIVE
STATE,Baja California,Typhoid fever,23,CONFIRMED,ACTIVE
STATE,Baja California,Urethritis,19133,CONFIRMED,ACTIVE
STATE,Baja California,Vaginal yeast infection,614,CONFIRMED,ACTIVE
STATE,Baja California,Vaginitis,979,CONFIRMED,ACTIVE
STATE,Baja California,Viral exanthem,478,CONFIRMED,ACTIVE
STATE,Baja California,Whooping cough,25,CONFIRMED,ACTIVE
STATE,Baja California Sur,Acute otitis media,1463,CONFIRMED,ACTIVE
STATE,Baja California Sur,Brucellosis,7,CONFIRMED,ACTIVE
STATE,Baja California Sur,COVID-19,5,CONFIRMED,ACTIVE
STATE,Baja California Sur,Chagas disease,1,CONFIRMED,ACTIVE
STATE,Baja California Sur,Chancroid,5,CONFIRMED,ACTIVE
STATE,Baja California Sur,Chickenpox,125,CONFIRMED,ACTIVE
STATE,Baja California Sur,Common cold,50553,CONFIRMED,ACTIVE
STATE,Baja California Sur,Conjunctivitis,1306,CONFIRMED,ACTIVE
STATE,Baja California Sur,Cysticercosis,1,CONFIRMED,ACTIVE
STATE,Baja California Sur,Dengue Severe,5,CONFIRMED,ACTIVE
STATE,Baja California Sur,Dengue fever,101,CONFIRMED,ACTIVE
STATE,Baja California Sur,Erysipelas,4,CONFIRMED,ACTIVE
STATE,Baja California Sur,Genital herpes,12,CONFIRMED,ACTIVE
STATE,Baja California Sur,Gonorrhea,11,CONFIRMED,ACTIVE
STATE,Baja California Sur,HIV/AIDS,49,CONFIRMED,ACTIVE
STATE,Baja California Sur,HPV,20,CONFIRMED,ACTIVE
STATE,Baja California Sur,Healthcare-associated infection,206,CONFIRMED,ACTIVE
STATE,Baja California Sur,Hepatitis A,40,CONFIRMED,ACTIVE
STATE,Baja California Sur,Hepatitis B,4,CONFIRMED,ACTIVE
STATE,Baja California Sur,Hepatitis C,23,CONFIRMED,ACTIVE
STATE,Baja California Sur,Infectious gastroenteritis,11822,CONFIRMED,ACTIVE
STATE,Baja California Sur,Influenza,86,CONFIRMED,ACTIVE
STATE,Baja California Sur,Lymphogranuloma venereum,3,CONFIRMED,ACTIVE
STATE,Baja California Sur,Meningitis,2,CONFIRMED,ACTIVE
STATE,Baja California Sur,Mumps,27,CONFIRMED,ACTIVE
STATE,Baja California Sur,Myiasis,2,CONFIRMED,ACTIVE
STATE,Baja California Sur,Other viral hepatitis,18,CONFIRMED,ACTIVE
STATE,Baja California Sur,Parasitic disease,378,CONFIRMED,ACTIVE
STATE,Baja California Sur,Pinto disease,1,CONFIRMED,ACTIVE
STATE,Baja California Sur,Pinworm infection,12,CONFIRMED,ACTIVE
STATE,Baja California Sur,Pneumonia,495,CONFIRMED,ACTIVE
STATE,Baja California Sur,Rocky Mountain spotted fever,2,CONFIRMED,ACTIVE
STATE,Baja California Sur,Scabies,65,CONFIRMED,ACTIVE
STATE,Baja California Sur,Scarlet fever,4,CONFIRMED,ACTIVE
STATE,Baja California Sur,Strep throat,266,CONFIRMED,ACTIVE
STATE,Baja California Sur,Syphilis,134,CONFIRMED,ACTIVE
STATE,Baja California Sur,Trichomonas infection,24,CONFIRMED,ACTIVE
STATE,Baja California Sur,Tuberculosis,66,CONFIRMED,ACTIVE
STATE,Baja California Sur,Typhoid fever,6,CONFIRMED,ACTIVE
STATE,Baja California Sur,Urethritis,7211,CONFIRMED,ACTIVE
STATE,Baja California Sur,Vaginal yeast infection,322,CONFIRMED,ACTIVE
STATE,Baja California Sur,Vaginitis,222,CONFIRMED,ACTIVE
STATE,Baja California Sur,Viral exanthem,99,CONFIRMED,ACTIVE
STATE,Baja California Sur,Whooping cough,27,CONFIRMED,ACTIVE
STATE,Campeche,Acute otitis media,749,CONFIRMED,ACTIVE
STATE,Campeche,Brucellosis,1,CONFIRMED,ACTIVE
STATE,Campeche,Chagas disease,1,CONFIRMED,ACTIVE
STATE,Campeche,Chickenpox,283,CONFIRMED,ACTIVE
STATE,Campeche,Common cold,49296,CONFIRMED,ACTIVE
STATE,Campeche,Conjunctivitis,18,CONFIRMED,ACTIVE
STATE,Campeche,Dengue fever,9,CONFIRMED,ACTIVE
STATE,Campeche,Erysipelas,36,CONFIRMED,ACTIVE
STATE,Campeche,Genital herpes,19,CONFIRMED,ACTIVE
STATE,Campeche,Gonorrhea,17,CONFIRMED,ACTIVE
STATE,Campeche,HIV/AIDS,41,CONFIRMED,ACTIVE
STATE,Campeche,HPV,16,CONFIRMED,ACTIVE
STATE,Campeche,Healthcare-associated infection,220,CONFIRMED,ACTIVE
STATE,Campeche,Hepatitis B,14,CONFIRMED,ACTIVE
STATE,Campeche,Hepatitis C,5,CONFIRMED,ACTIVE
STATE,Campeche,Infectious gastroenteritis,11602,CONFIRMED,ACTIVE
STATE,Campeche,Influenza,28,CONFIRMED,ACTIVE
STATE,Campeche,Leishmaniasis,19,CONFIRMED,ACTIVE
STATE,Campeche,Meningitis,1,CONFIRMED,ACTIVE
STATE,Campeche,Mumps,15,CONFIRMED,ACTIVE
STATE,Campeche,Myiasis,5,CONFIRMED,ACTIVE
STATE,Campeche,Other viral hepatitis,6,CONFIRMED,ACTIVE
STATE,Campeche,Parasitic disease,148,CONFIRMED,ACTIVE
STATE,Campeche,Paratyphoid fever,1,CONFIRMED,ACTIVE
STATE,Campeche,Pinworm infection,75,CONFIRMED,ACTIVE
STATE,Campeche,Pneumonia,223,CONFIRMED,ACTIVE
STATE,Campeche,Scabies,137338,CONFIRMED,ACTIVE
STATE,Campeche,Strep throat,45,CONFIRMED,ACTIVE
STATE,Campeche,Syphilis,70,CONFIRMED,ACTIVE
STATE,Campeche,Taeniasis,1,CONFIRMED,ACTIVE
STATE,Campeche,Toxoplasmosis,7,CONFIRMED,ACTIVE
STATE,Campeche,Trichomonas infection,12,CONFIRMED,ACTIVE
STATE,Campeche,Tuberculosis,60,CONFIRMED,ACTIVE
STATE,Campeche,Urethritis,6184,CONFIRMED,ACTIVE
STATE,Campeche,Vaginal yeast infection,210,CONFIRMED,ACTIVE
STATE,Campeche,Vaginitis,524,CONFIRMED,ACTIVE
STATE,Campeche,Viral exanthem,44,CONFIRMED,ACTIVE
STATE,Campeche,Whooping cough,6,CONFIRMED,ACTIVE
STATE,Chiapas,Acute otitis media,99,CONFIRMED,ACTIVE
STATE,Chiapas,Brucellosis,8,CONFIRMED,ACTIVE
STATE,Chiapas,Chagas disease,11,CONFIRMED,ACTIVE
STATE,Chiapas,Chancroid,11,CONFIRMED,ACTIVE
STATE,Chiapas,Chickenpox,509,CONFIRMED,ACTIVE
STATE,Chiapas,Chikungunya,9,CONFIRMED,ACTIVE
STATE,Chiapas,Common cold,159536,CONFIRMED,ACTIVE
STATE,Chiapas,Conjunctivitis,931,CONFIRMED,ACTIVE
STATE,Chiapas,Cysticercosis,4,CONFIRMED,ACTIVE
STATE,Chiapas,Dengue Severe,1,CONFIRMED,ACTIVE
STATE,Chiapas,Dengue fever,37,CONFIRMED,ACTIVE
STATE,Chiapas,Erysipelas,42,CONFIRMED,ACTIVE
STATE,Chiapas,Genital herpes,65,CONFIRMED,ACTIVE
STATE,Chiapas,Gonorrhea,109,CONFIRMED,ACTIVE
STATE,Chiapas,HIV/AIDS,68,CONFIRMED,ACTIVE
STATE,Chiapas,HPV,46,CONFIRMED,ACTIVE
STATE,Chiapas,Healthcare-associated infection,496,CONFIRMED,ACTIVE
STATE,Chiapas,Hepatitis A,49,CONFIRMED,ACTIVE
STATE,Chiapas,Hepatitis B,14,CONFIRMED,ACTIVE
STATE,Chiapas,Hepatitis C,14,CONFIRMED,ACTIVE
STATE,Chiapas,Infectious gastroenteritis,164413,CONFIRMED,ACTIVE
STATE,Chiapas,Influenza,53,CONFIRMED,ACTIVE
STATE,Chiapas,Leishmaniasis,1,CONFIRMED,ACTIVE
STATE,Chiapas,Leptospirosis,3,CONFIRMED,ACTIVE
STATE,Chiapas,Lymphogranuloma venereum,2,CONFIRMED,ACTIVE
STATE,Chiapas,Malaria,8,CONFIRMED,ACTIVE
STATE,Chiapas,Meningitis,10,CONFIRMED,ACTIVE
STATE,Chiapas,Mumps,116,CONFIRMED,ACTIVE
STATE,Chiapas,Myiasis,30,CONFIRMED,ACTIVE
STATE,Chiapas,Other viral hepatitis,24,CONFIRMED,ACTIVE
STATE,Chiapas,Parasitic disease,2345,CONFIRMED,ACTIVE
STATE,Chiapas,Paratyphoid fever,64616,CONFIRMED,ACTIVE
STATE,Chiapas,Pinworm infection,3980,CONFIRMED,ACTIVE
STATE,Chiapas,Pneumonia,743,CONFIRMED,ACTIVE
STATE,Chiapas,Scabies,591384,CONFIRMED,ACTIVE
STATE,Chiapas,Scarlet fever,17,CONFIRMED,ACTIVE
STATE,Chiapas,Strep throat,5018,CONFIRMED,ACTIVE
STATE,Chiapas,Syphilis,114,CONFIRMED,ACTIVE
STATE,Chiapas,Taeniasis,4,CONFIRMED,ACTIVE
STATE,Chiapas,Toxoplasmosis,7,CONFIRMED,ACTIVE
STATE,Chiapas,Trichinosis,3,CONFIRMED,ACTIVE
STATE,Chiapas,Trichomonas infection,216,CONFIRMED,ACTIVE
STATE,Chiapas,Tuberculosis,157814,CONFIRMED,ACTIVE
STATE,Chiapas,Typhoid fever,132,CONFIRMED,ACTIVE
STATE,Chiapas,Urethritis,35913,CONFIRMED,ACTIVE
STATE,Chiapas,Vaginal yeast infection,1532,CONFIRMED,ACTIVE
STATE,Chiapas,Vaginitis,208,CONFIRMED,ACTIVE
STATE,Chiapas,Viral exanthem,2204,CONFIRMED,ACTIVE
STATE,Chiapas,Whooping cough,32,CONFIRMED,ACTIVE
STATE,Chihuahua,Acute otitis media,443,CONFIRMED,ACTIVE
STATE,Chihuahua,Brucellosis,2,CONFIRMED,ACTIVE
STATE,Chihuahua,COVID-19,8,CONFIRMED,ACTIVE
STATE,Chihuahua,Chagas disease,1,CONFIRMED,ACTIVE
STATE,Chihuahua,Chancroid,7,CONFIRMED,ACTIVE
STATE,Chihuahua,Chickenpox,666,CONFIRMED,ACTIVE
STATE,Chihuahua,Common cold,147117,CONFIRMED,ACTIVE
STATE,Chihuahua,Conjunctivitis,3810,CONFIRMED,ACTIVE
STATE,Chihuahua,Cysticercosis,3,CONFIRMED,ACTIVE
STATE,Chihuahua,Dengue fever,1,CONFIRMED,ACTIVE
STATE,Chihuahua,Erysipelas,11,CONFIRMED,ACTIVE
STATE,Chihuahua,Genital herpes,76,CONFIRMED,ACTIVE
STATE,Chihuahua,Gonorrhea,54,CONFIRMED,ACTIVE
STATE,Chihuahua,HIV/AIDS,218,CONFIRMED,ACTIVE
STATE,Chihuahua,HPV,181,CONFIRMED,ACTIVE
STATE,Chihuahua,Healthcare-associated infection,417,CONFIRMED,ACTIVE
STATE,Chihuahua,Hepatitis A,21,CONFIRMED,ACTIVE
STATE,Chihuahua,Hepatitis B,3,CONFIRMED,ACTIVE
STATE,Chihuahua,Hepatitis C,98,CONFIRMED,ACTIVE
STATE,Chihuahua,Infectious gastroenteritis,58571,CONFIRMED,ACTIVE
STATE,Chihuahua,Influenza,53,CONFIRMED,ACTIVE
STATE,Chihuahua,Lymphogranuloma venereum,4,CONFIRMED,ACTIVE
STATE,Chihuahua,Meningitis,16,CONFIRMED,ACTIVE
STATE,Chihuahua,Mpox,1,CONFIRMED,ACTIVE
STATE,Chihuahua,Mumps,70,CONFIRMED,ACTIVE
STATE,Chihuahua,Myiasis,1,CONFIRMED,ACTIVE
STATE,Chihuahua,Other viral hepatitis,24,CONFIRMED,ACTIVE
STATE,Chihuahua,Parasitic disease,171,CONFIRMED,ACTIVE
STATE,Chihuahua,Paratyphoid fever,12,CONFIRMED,ACTIVE
STATE,Chihuahua,Pinworm infection,8,CONFIRMED,ACTIVE
STATE,Chihuahua,Pneumonia,4414,CONFIRMED,ACTIVE
STATE,Chihuahua,Rocky Mountain spotted fever,40,CONFIRMED,ACTIVE
STATE,Chihuahua,Scabies,69,CONFIRMED,ACTIVE
STATE,Chihuahua,Scarlet fever,22,CONFIRMED,ACTIVE
STATE,Chihuahua,Strep throat,3370,CONFIRMED,ACTIVE
STATE,Chihuahua,Syphilis,307,CONFIRMED,ACTIVE
STATE,Chihuahua,Taeniasis,8,CONFIRMED,ACTIVE
STATE,Chihuahua,Trichomonas infection,119,CONFIRMED,ACTIVE
STATE,Chihuahua,Tuberculosis,89612,CONFIRMED,ACTIVE
STATE,Chihuahua,Typhoid fever,34,CONFIRMED,ACTIVE
STATE,Chihuahua,Urethritis,28154,CONFIRMED,ACTIVE
STATE,Chihuahua,Vaginal yeast infection,60812,CONFIRMED,ACTIVE
STATE,Chihuahua,Vaginitis,228,CONFIRMED,ACTIVE
STATE,Chihuahua,Viral exanthem,321,CONFIRMED,ACTIVE
STATE,Chihuahua,Whooping cough,109,CONFIRMED,ACTIVE
STATE,Ciudad de México,Acute otitis media,5706,CONFIRMED,ACTIVE
STATE,Ciudad de México,Brucellosis,11,CONFIRMED,ACTIVE
STATE,Ciudad de México,COVID-19,68,CONFIRMED,ACTIVE
STATE,Ciudad de México,Chancroid,6,CONFIRMED,ACTIVE
STATE,Ciudad de México,Chickenpox,700,CONFIRMED,ACTIVE
STATE,Ciudad de México,Common cold,409262,CONFIRMED,ACTIVE
STATE,Ciudad de México,Conjunctivitis,39765,CONFIRMED,ACTIVE
STATE,Ciudad de México,Conjunctivitis due to virus,1,CONFIRMED,ACTIVE
STATE,Ciudad de México,Erysipelas,57,CONFIRMED,ACTIVE
STATE,Ciudad de México,Genital herpes,68181,CONFIRMED,ACTIVE
STATE,Ciudad de México,Gonorrhea,173,CONFIRMED,ACTIVE
STATE,Ciudad de México,HIV/AIDS,291,CONFIRMED,ACTIVE
STATE,Ciudad de México,HPV,1627,CONFIRMED,ACTIVE
STATE,Ciudad de México,Healthcare-associated infection,1984,CONFIRMED,ACTIVE
STATE,Ciudad de México,Hepatitis A,75,CONFIRMED,ACTIVE
STATE,Ciudad de México,Hepatitis B,21,CONFIRMED,ACTIVE
STATE,Ciudad de México,Hepatitis C,90,CONFIRMED,ACTIVE
STATE,Ciudad de México,Infectious gastroenteritis,196748,CONFIRMED,ACTIVE
STATE,Ciudad de México,Influenza,565,CONFIRMED,ACTIVE
STATE,Ciudad de México,Leptospirosis,8,CONFIRMED,ACTIVE
STATE,Ciudad de México,Lymphogranuloma venereum,40,CONFIRMED,ACTIVE
STATE,Ciudad de México,Meningitis,57,CONFIRMED,ACTIVE
STATE,Ciudad de México,Mpox,23,CONFIRMED,ACTIVE
STATE,Ciudad de México,Mumps,93,CONFIRMED,ACTIVE
STATE,Ciudad de México,Myiasis,1,CONFIRMED,ACTIVE
STATE,Ciudad de México,Other viral hepatitis,36,CONFIRMED,ACTIVE
STATE,Ciudad de México,Parasitic disease,763,CONFIRMED,ACTIVE
STATE,Ciudad de México,Paratyphoid fever,1,CONFIRMED,ACTIVE
STATE,Ciudad de México,Pinworm infection,33,CONFIRMED,ACTIVE
STATE,Ciudad de México,Pneumonia,9304,CONFIRMED,ACTIVE
STATE,Ciudad de México,Scabies,54187,CONFIRMED,ACTIVE
STATE,Ciudad de México,Scarlet fever,53,CONFIRMED,ACTIVE
STATE,Ciudad de México,Strep throat,2738,CONFIRMED,ACTIVE
STATE,Ciudad de México,Syphilis,677,CONFIRMED,ACTIVE
STATE,Ciudad de México,Taeniasis,1,CONFIRMED,ACTIVE
STATE,Ciudad de México,Toxoplasmosis,2,CONFIRMED,ACTIVE
STATE,Ciudad de México,Trichomonas infection,119,CONFIRMED,ACTIVE
STATE,Ciudad de México,Tuberculosis,53361,CONFIRMED,ACTIVE
STATE,Ciudad de México,Typhoid fever,2,CONFIRMED,ACTIVE
STATE,Ciudad de México,Urethritis,84483,CONFIRMED,ACTIVE
STATE,Ciudad de México,Vaginal yeast infection,1786,CONFIRMED,ACTIVE
STATE,Ciudad de México,Vaginitis,67,CONFIRMED,ACTIVE
STATE,Ciudad de México,Viral exanthem,2143,CONFIRMED,ACTIVE
STATE,Ciudad de México,Whooping cough,39,CONFIRMED,ACTIVE
STATE,Coahuila,Acute otitis media,838,CONFIRMED,ACTIVE
STATE,Coahuila,Brucellosis,14,CONFIRMED,ACTIVE
STATE,Coahuila,COVID-19,2,CONFIRMED,ACTIVE
STATE,Coahuila,Chagas disease,1,CONFIRMED,ACTIVE
STATE,Coahuila,Chancroid,8,CONFIRMED,ACTIVE
STATE,Coahuila,Chickenpox,343,CONFIRMED,ACTIVE
STATE,Coahuila,Common cold,129989,CONFIRMED,ACTIVE
STATE,Coahuila,Conjunctivitis,2433,CONFIRMED,ACTIVE
STATE,Coahuila,Dengue Severe,1,CONFIRMED,ACTIVE
STATE,Coahuila,Dengue fever,1,CONFIRMED,ACTIVE
STATE,Coahuila,Erysipelas,21,CONFIRMED,ACTIVE
STATE,Coahuila,Genital herpes,32,CONFIRMED,ACTIVE
STATE,Coahuila,Gonorrhea,41,CONFIRMED,ACTIVE
STATE,Coahuila,HIV/AIDS,103,CONFIRMED,ACTIVE
STATE,Coahuila,HPV,37,CONFIRMED,ACTIVE
STATE,Coahuila,Healthcare-associated infection,653,CONFIRMED,ACTIVE
STATE,Coahuila,Hepatitis A,19,CONFIRMED,ACTIVE
STATE,Coahuila,Hepatitis B,2,CONFIRMED,ACTIVE
STATE,Coahuila,Hepatitis C,100,CONFIRMED,ACTIVE
STATE,Coahuila,Infectious gastroenteritis,57614,CONFIRMED,ACTIVE
STATE,Coahuila,Influenza,188,CONFIRMED,ACTIVE
STATE,Coahuila,Lymphogranuloma venereum,2,CONFIRMED,ACTIVE
STATE,Coahuila,Meningitis,5,CONFIRMED,ACTIVE
STATE,Coahuila,Mumps,81,CONFIRMED,ACTIVE
STATE,Coahuila,Other viral hepatitis,20,CONFIRMED,ACTIVE
STATE,Coahuila,Parasitic disease,84,CONFIRMED,ACTIVE
STATE,Coahuila,Paratyphoid fever,10,CONFIRMED,ACTIVE
STATE,Coahuila,Pinworm infection,3,CONFIRMED,ACTIVE
STATE,Coahuila,Pneumonia,769,CONFIRMED,ACTIVE
STATE,Coahuila,Rocky Mountain spotted fever,6,CONFIRMED,ACTIVE
STATE,Coahuila,Scabies,74198,CONFIRMED,ACTIVE
STATE,Coahuila,Scarlet fever,16,CONFIRMED,ACTIVE
STATE,Coahuila,Strep throat,6287,CONFIRMED,ACTIVE
STATE,Coahuila,Syphilis,750,CONFIRMED,ACTIVE
STATE,Coahuila,Trichomonas infection,160,CONFIRMED,ACTIVE
STATE,Coahuila,Tuberculosis,64341,CONFIRMED,ACTIVE
STATE,Coahuila,Typhoid fever,90,CONFIRMED,ACTIVE
STATE,Coahuila,Urethritis,20670,CONFIRMED,ACTIVE
STATE,Coahuila,Vaginal yeast infection,396,CONFIRMED,ACTIVE
STATE,Coahuila,Vaginitis,211,CONFIRMED,ACTIVE
STATE,Coahuila,Viral exanthem,228,CONFIRMED,ACTIVE
STATE,Coahuila,Whooping cough,54,CONFIRMED,ACTIVE
STATE,Colima,Acute otitis media,964,CONFIRMED,ACTIVE
STATE,Colima,Brucellosis,9,CONFIRMED,ACTIVE
STATE,Colima,COVID-19,1,CONFIRMED,ACTIVE
STATE,Colima,Chagas disease,1,CONFIRMED,ACTIVE
STATE,Colima,Chancroid,1,CONFIRMED,ACTIVE
STATE,Colima,Chickenpox,135,CONFIRMED,ACTIVE
STATE,Colima,Common cold,37471,CONFIRMED,ACTIVE
STATE,Colima,Conjunctivitis,675,CONFIRMED,ACTIVE
STATE,Colima,Conjunctivitis due to virus,2,CONFIRMED,ACTIVE
STATE,Colima,Erysipelas,34,CONFIRMED,ACTIVE
STATE,Colima,Genital herpes,11,CONFIRMED,ACTIVE
STATE,Colima,Gonorrhea,14,CONFIRMED,ACTIVE
STATE,Colima,HIV/AIDS,42,CONFIRMED,ACTIVE
STATE,Colima,HPV,31,CONFIRMED,ACTIVE
STATE,Colima,Healthcare-associated infection,285,CONFIRMED,ACTIVE
STATE,Colima,Hepatitis A,2,CONFIRMED,ACTIVE
STATE,Colima,Hepatitis C,11,CONFIRMED,ACTIVE
STATE,Colima,Infectious gastroenteritis,3990,CONFIRMED,ACTIVE
STATE,Colima,Influenza,43,CONFIRMED,ACTIVE
STATE,Colima,Leprosy,2,CONFIRMED,ACTIVE
STATE,Colima,Meningitis,2,CONFIRMED,ACTIVE
STATE,Colima,Mumps,8,CONFIRMED,ACTIVE
STATE,Colima,Myiasis,3,CONFIRMED,ACTIVE
STATE,Colima,Other viral hepatitis,1,CONFIRMED,ACTIVE
STATE,Colima,Parasitic disease,32462,CONFIRMED,ACTIVE
STATE,Colima,Paratyphoid fever,2,CONFIRMED,ACTIVE
STATE,Colima,Pinworm infection,57415,CONFIRMED,ACTIVE
STATE,Colima,Pneumonia,316,CONFIRMED,ACTIVE
STATE,Colima,Scabies,76185,CONFIRMED,ACTIVE
STATE,Colima,Scarlet fever,2,CONFIRMED,ACTIVE
STATE,Colima,Strep throat,833,CONFIRMED,ACTIVE
STATE,Colima,Syphilis,174,CONFIRMED,ACTIVE
STATE,Colima,Trichomonas infection,25,CONFIRMED,ACTIVE
STATE,Colima,Tuberculosis,80,CONFIRMED,ACTIVE
STATE,Colima,Typhoid fever,3,CONFIRMED,ACTIVE
STATE,Colima,Urethritis,4761,CONFIRMED,ACTIVE
STATE,Colima,Vaginal yeast infection,105,CONFIRMED,ACTIVE
STATE,Colima,Vaginitis,148,CONFIRMED,ACTIVE
STATE,Colima,Viral exanthem,272,CONFIRMED,ACTIVE
STATE,Colima,Whooping cough,8,CONFIRMED,ACTIVE
STATE,Durango,Acute otitis media,1381,CONFIRMED,ACTIVE
STATE,Durango,Brucellosis,8,CONFIRMED,ACTIVE
STATE,Durango,COVID-19,5,CONFIRMED,ACTIVE
STATE,Durango,Chancroid,2,CONFIRMED,ACTIVE
STATE,Durango,Chickenpox,301,CONFIRMED,ACTIVE
STATE,Durango,Common cold,75802,CONFIRMED,ACTIVE
STATE,Durango,Conjunctivitis,1543,CONFIRMED,ACTIVE
STATE,Durango,Erysipelas,2,CONFIRMED,ACTIVE
STATE,Durango,Genital herpes,10,CONFIRMED,ACTIVE
STATE,Durango,Gonorrhea,6,CONFIRMED,ACTIVE
STATE,Durango,HIV/AIDS,13,CONFIRMED,ACTIVE
STATE,Durango,HPV,10,CONFIRMED,ACTIVE
STATE,Durango,Healthcare-associated infection,82,CONFIRMED,ACTIVE
STATE,Durango,Hepatitis A,10,CONFIRMED,ACTIVE
STATE,Durango,Hepatitis B,2,CONFIRMED,ACTIVE
STATE,Durango,Hepatitis C,6,CONFIRMED,ACTIVE
STATE,Durango,Infectious gastroenteritis,29153,CONFIRMED,ACTIVE
STATE,Durango,Influenza,44,CONFIRMED,ACTIVE
STATE,Durango,Lymphogranuloma venereum,1,CONFIRMED,ACTIVE
STATE,Durango,Meningitis,5,CONFIRMED,ACTIVE
STATE,Durango,Mumps,16,CONFIRMED,ACTIVE
STATE,Durango,Myiasis,2,CONFIRMED,ACTIVE
STATE,Durango,Other viral hepatitis,3,CONFIRMED,ACTIVE
STATE,Durango,Parasitic disease,107,CONFIRMED,ACTIVE
STATE,Durango,Pinworm infection,29,CONFIRMED,ACTIVE
STATE,Durango,Pneumonia,633,CONFIRMED,ACTIVE
STATE,Durango,Rocky Mountain spotted fever,2,CONFIRMED,ACTIVE
STATE,Durango,Scabies,17,CONFIRMED,ACTIVE
STATE,Durango,Scarlet fever,2,CONFIRMED,ACTIVE
STATE,Durango,Strep throat,9,CONFIRMED,ACTIVE
STATE,Durango,Syphilis,42,CONFIRMED,ACTIVE
STATE,Durango,Taeniasis,1,CONFIRMED,ACTIVE
STATE,Durango,Trichomonas infection,113,CONFIRMED,ACTIVE
STATE,Durango,Tuberculosis,76,CONFIRMED,ACTIVE
STATE,Durango,Urethritis,13395,CONFIRMED,ACTIVE
STATE,Durango,Vaginal yeast infection,361,CONFIRMED,ACTIVE
STATE,Durango,Vaginitis,836,CONFIRMED,ACTIVE
STATE,Durango,Viral exanthem,528,CONFIRMED,ACTIVE
STATE,Durango,Whooping cough,9,CONFIRMED,ACTIVE
STATE,Guanajuato,Acute otitis media,4912,CONFIRMED,ACTIVE
STATE,Guanajuato,Brucellosis,13,CONFIRMED,ACTIVE
STATE,Guanajuato,COVID-19,13,CONFIRMED,ACTIVE
STATE,Guanajuato,Chagas disease,2,CONFIRMED,ACTIVE
STATE,Guanajuato,Chancroid,2,CONFIRMED,ACTIVE
STATE,Guanajuato,Chickenpox,454,CONFIRMED,ACTIVE
STATE,Guanajuato,Common cold,252084,CONFIRMED,ACTIVE
STATE,Guanajuato,Conjunctivitis,11799,CONFIRMED,ACTIVE
STATE,Guanajuato,Cysticercosis,3,CONFIRMED,ACTIVE
STATE,Guanajuato,Dengue fever,3,CONFIRMED,ACTIVE
STATE,Guanajuato,Erysipelas,4,CONFIRMED,ACTIVE
STATE,Guanajuato,Genital herpes,27,CONFIRMED,ACTIVE
STATE,Guanajuato,Gonorrhea,24,CONFIRMED,ACTIVE
STATE,Guanajuato,HIV/AIDS,172,CONFIRMED,ACTIVE
STATE,Guanajuato,HPV,187,CONFIRMED,ACTIVE
STATE,Guanajuato,Healthcare-associated infection,849,CONFIRMED,ACTIVE
STATE,Guanajuato,Hepatitis A,20,CONFIRMED,ACTIVE
STATE,Guanajuato,Hepatitis B,7,CONFIRMED,ACTIVE
STATE,Guanajuato,Hepatitis C,20,CONFIRMED,ACTIVE
STATE,Guanajuato,Infectious gastroenteritis,78729,CONFIRMED,ACTIVE
STATE,Guanajuato,Influenza,241,CONFIRMED,ACTIVE
STATE,Guanajuato,Meningitis,6,CONFIRMED,ACTIVE
STATE,Guanajuato,Mpox,1,CONFIRMED,ACTIVE
STATE,Guanajuato,Mumps,27,CONFIRMED,ACTIVE
STATE,Guanajuato,Other viral hepatitis,7,CONFIRMED,ACTIVE
STATE,Guanajuato,Parasitic disease,146,CONFIRMED,ACTIVE
STATE,Guanajuato,Paratyphoid fever,11,CONFIRMED,ACTIVE
STATE,Guanajuato,Pinworm infection,8,CONFIRMED,ACTIVE
STATE,Guanajuato,Pneumonia,3305,CONFIRMED,ACTIVE
STATE,Guanajuato,Scabies,36,CONFIRMED,ACTIVE
STATE,Guanajuato,Scarlet fever,15,CONFIRMED,ACTIVE
STATE,Guanajuato,Strep throat,673,CONFIRMED,ACTIVE
STATE,Guanajuato,Syphilis,286,CONFIRMED,ACTIVE
STATE,Guanajuato,Tetanus,1,CONFIRMED,ACTIVE
STATE,Guanajuato,Trachoma,2,CONFIRMED,ACTIVE
STATE,Guanajuato,Trichomonas infection,92,CONFIRMED,ACTIVE
STATE,Guanajuato,Tuberculosis,32207,CONFIRMED,ACTIVE
STATE,Guanajuato,Typhoid fever,19,CONFIRMED,ACTIVE
STATE,Guanajuato,Urethritis,41432,CONFIRMED,ACTIVE
STATE,Guanajuato,Vaginal yeast infection,1124,CONFIRMED,ACTIVE
STATE,Guanajuato,Vaginitis,330,CONFIRMED,ACTIVE
STATE,Guanajuato,Viral exanthem,318,CONFIRMED,ACTIVE
STATE,Guanajuato,Whooping cough,91,CONFIRMED,ACTIVE
STATE,Guerrero,Acute otitis media,272,CONFIRMED,ACTIVE
STATE,Guerrero,Brucellosis,14,CONFIRMED,ACTIVE
STATE,Guerrero,COVID-19,2,CONFIRMED,ACTIVE
STATE,Guerrero,Chagas disease,1,CONFIRMED,ACTIVE
STATE,Guerrero,Chancroid,6,CONFIRMED,ACTIVE
STATE,Guerrero,Chickenpox,427,CONFIRMED,ACTIVE
STATE,Guerrero,Common cold,151881,CONFIRMED,ACTIVE
STATE,Guerrero,Conjunctivitis,467,CONFIRMED,ACTIVE
STATE,Guerrero,Conjunctivitis due to virus,4,CONFIRMED,ACTIVE
STATE,Guerrero,Cysticercosis,1,CONFIRMED,ACTIVE
STATE,Guerrero,Dengue fever,14,CONFIRMED,ACTIVE
STATE,Guerrero,Erysipelas,57,CONFIRMED,ACTIVE
STATE,Guerrero,Genital herpes,42,CONFIRMED,ACTIVE
STATE,Guerrero,Gonorrhea,61,CONFIRMED,ACTIVE
STATE,Guerrero,HIV/AIDS,62,CONFIRMED,ACTIVE
STATE,Guerrero,HPV,22,CONFIRMED,ACTIVE
STATE,Guerrero,Healthcare-associated infection,405,CONFIRMED,ACTIVE
STATE,Guerrero,Hepatitis A,52,CONFIRMED,ACTIVE
STATE,Guerrero,Hepatitis B,8,CONFIRMED,ACTIVE
STATE,Guerrero,Hepatitis C,9,CONFIRMED,ACTIVE
STATE,Guerrero,Infectious gastroenteritis,180125,CONFIRMED,ACTIVE
STATE,Guerrero,Influenza,100,CONFIRMED,ACTIVE
STATE,Guerrero,Leprosy,3,CONFIRMED,ACTIVE
STATE,Guerrero,Leptospirosis,6,CONFIRMED,ACTIVE
STATE,Guerrero,Lymphogranuloma venereum,2,CONFIRMED,ACTIVE
STATE,Guerrero,Meningitis,9,CONFIRMED,ACTIVE
STATE,Guerrero,Mumps,28,CONFIRMED,ACTIVE
STATE,Guerrero,Myiasis,8,CONFIRMED,ACTIVE
STATE,Guerrero,Other viral hepatitis,10,CONFIRMED,ACTIVE
STATE,Guerrero,Parasitic disease,553002,CONFIRMED,ACTIVE
STATE,Guerrero,Paratyphoid fever,29,CONFIRMED,ACTIVE
STATE,Guerrero,Pinto disease,1,CONFIRMED,ACTIVE
STATE,Guerrero,Pinworm infection,785,CONFIRMED,ACTIVE
STATE,Guerrero,Pneumonia,836,CONFIRMED,ACTIVE
STATE,Guerrero,Rocky Mountain spotted fever,1,CONFIRMED,ACTIVE
STATE,Guerrero,Scabies,349867,CONFIRMED,ACTIVE
STATE,Guerrero,Scarlet fever,14,CONFIRMED,ACTIVE
STATE,Guerrero,Strep throat,10353,CONFIRMED,ACTIVE
STATE,Guerrero,Syphilis,89,CONFIRMED,ACTIVE
STATE,Guerrero,Taeniasis,4,CONFIRMED,ACTIVE
STATE,Guerrero,Tetanus,2,CONFIRMED,ACTIVE
STATE,Guerrero,Toxoplasmosis,2,CONFIRMED,ACTIVE
STATE,Guerrero,Trichomonas infection,139,CONFIRMED,ACTIVE
STATE,Guerrero,Tuberculosis,113589,CONFIRMED,ACTIVE
STATE,Guerrero,Typhoid fever,81,CONFIRMED,ACTIVE
STATE,Guerrero,Urethritis,25523,CONFIRMED,ACTIVE
STATE,Guerrero,Vaginal yeast infection,1401,CONFIRMED,ACTIVE
STATE,Guerrero,Vaginitis,826,CONFIRMED,ACTIVE
STATE,Guerrero,Viral exanthem,254,CONFIRMED,ACTIVE
STATE,Hidalgo,Acute otitis media,3317,CONFIRMED,ACTIVE
STATE,Hidalgo,COVID-19,37,CONFIRMED,ACTIVE
STATE,Hidalgo,Chagas disease,10,CONFIRMED,ACTIVE
STATE,Hidalgo,Chickenpox,514,CONFIRMED,ACTIVE
STATE,Hidalgo,Common cold,173445,CONFIRMED,ACTIVE
STATE,Hidalgo,Conjunctivitis,3933,CONFIRMED,ACTIVE
STATE,Hidalgo,Dengue fever,4,CONFIRMED,ACTIVE
STATE,Hidalgo,Erysipelas,13,CONFIRMED,ACTIVE
STATE,Hidalgo,Genital herpes,20,CONFIRMED,ACTIVE
STATE,Hidalgo,Gonorrhea,15,CONFIRMED,ACTIVE
STATE,Hidalgo,HIV/AIDS,79,CONFIRMED,ACTIVE
STATE,Hidalgo,HPV,89,CONFIRMED,ACTIVE
STATE,Hidalgo,Healthcare-associated infection,246,CONFIRMED,ACTIVE
STATE,Hidalgo,Hepatitis A,14,CONFIRMED,ACTIVE
STATE,Hidalgo,Hepatitis B,3,CONFIRMED,ACTIVE
STATE,Hidalgo,Hepatitis C,8,CONFIRMED,ACTIVE
STATE,Hidalgo,Infectious gastroenteritis,27959,CONFIRMED,ACTIVE
STATE,Hidalgo,Influenza,261,CONFIRMED,ACTIVE
STATE,Hidalgo,Leptospirosis,1,CONFIRMED,ACTIVE
STATE,Hidalgo,Lymphogranuloma venereum,2,CONFIRMED,ACTIVE
STATE,Hidalgo,Meningitis,8,CONFIRMED,ACTIVE
STATE,Hidalgo,Mumps,29,CONFIRMED,ACTIVE
STATE,Hidalgo,Other viral hepatitis,4,CONFIRMED,ACTIVE
STATE,Hidalgo,Parasitic disease,88329,CONFIRMED,ACTIVE
STATE,Hidalgo,Paratyphoid fever,5,CONFIRMED,ACTIVE
STATE,Hidalgo,Pinworm infection,79,CONFIRMED,ACTIVE
STATE,Hidalgo,Pneumonia,1161,CONFIRMED,ACTIVE
STATE,Hidalgo,Scabies,67167,CONFIRMED,ACTIVE
STATE,Hidalgo,Scarlet fever,9,CONFIRMED,ACTIVE
STATE,Hidalgo,Strep throat,264,CONFIRMED,ACTIVE
STATE,Hidalgo,Syphilis,37,CONFIRMED,ACTIVE
STATE,Hidalgo,Trichomonas infection,75,CONFIRMED,ACTIVE
STATE,Hidalgo,Tuberculosis,59,CONFIRMED,ACTIVE
STATE,Hidalgo,Typhoid fever,9,CONFIRMED,ACTIVE
STATE,Hidalgo,Urethritis,21014,CONFIRMED,ACTIVE
STATE,Hidalgo,Vaginal yeast infection,682,CONFIRMED,ACTIVE
STATE,Hidalgo,Vaginitis,607,CONFIRMED,ACTIVE
STATE,Hidalgo,Viral exanthem,203,CONFIRMED,ACTIVE
STATE,Hidalgo,Whooping cough,9,CONFIRMED,ACTIVE
STATE,Jalisco,Acute otitis media,43,CONFIRMED,ACTIVE
STATE,Jalisco,Brucellosis,68,CONFIRMED,ACTIVE
STATE,Jalisco,COVID-19,8,CONFIRMED,ACTIVE
STATE,Jalisco,Chagas disease,11,CONFIRMED,ACTIVE
STATE,Jalisco,Chancroid,13,CONFIRMED,ACTIVE
STATE,Jalisco,Chickenpox,757,CONFIRMED,ACTIVE
STATE,Jalisco,Common cold,241800,CONFIRMED,ACTIVE
STATE,Jalisco,Conjunctivitis,9498,CONFIRMED,ACTIVE
STATE,Jalisco,Conjunctivitis due to virus,2,CONFIRMED,ACTIVE
STATE,Jalisco,Cysticercosis,3,CONFIRMED,ACTIVE
STATE,Jalisco,Dengue fever,20,CONFIRMED,ACTIVE
STATE,Jalisco,Erysipelas,58,CONFIRMED,ACTIVE
STATE,Jalisco,Genital herpes,68,CONFIRMED,ACTIVE
STATE,Jalisco,Gonorrhea,26,CONFIRMED,ACTIVE
STATE,Jalisco,HIV/AIDS,168,CONFIRMED,ACTIVE
STATE,Jalisco,HPV,513,CONFIRMED,ACTIVE
STATE,Jalisco,Healthcare-associated infection,450,CONFIRMED,ACTIVE
STATE,Jalisco,Hepatitis A,11,CONFIRMED,ACTIVE
STATE,Jalisco,Hepatitis B,7,CONFIRMED,ACTIVE
STATE,Jalisco,Hepatitis C,162,CONFIRMED,ACTIVE
STATE,Jalisco,Infectious gastroenteritis,83005,CONFIRMED,ACTIVE
STATE,Jalisco,Influenza,162,CONFIRMED,ACTIVE
STATE,Jalisco,Leprosy,1,CONFIRMED,ACTIVE
STATE,Jalisco,Leptospirosis,12,CONFIRMED,ACTIVE
STATE,Jalisco,Lymphogranuloma venereum,3,CONFIRMED,ACTIVE
STATE,Jalisco,Meningitis,16,CONFIRMED,ACTIVE
STATE,Jalisco,Mumps,189,CONFIRMED,ACTIVE
STATE,Jalisco,Myiasis,2,CONFIRMED,ACTIVE
STATE,Jalisco,Other viral hepatitis,37,CONFIRMED,ACTIVE
STATE,Jalisco,Parasitic disease,806,CONFIRMED,ACTIVE
STATE,Jalisco,Paratyphoid fever,51,CONFIRMED,ACTIVE
STATE,Jalisco,Pinto disease,1,CONFIRMED,ACTIVE
STATE,Jalisco,Pinworm infection,82281,CONFIRMED,ACTIVE
STATE,Jalisco,Pneumonia,5463,CONFIRMED,ACTIVE
STATE,Jalisco,Scabies,129915,CONFIRMED,ACTIVE
STATE,Jalisco,Scarlet fever,26,CONFIRMED,ACTIVE
STATE,Jalisco,Strep throat,5203,CONFIRMED,ACTIVE
STATE,Jalisco,Syphilis,613,CONFIRMED,ACTIVE
STATE,Jalisco,Taeniasis,3,CONFIRMED,ACTIVE
STATE,Jalisco,Toxoplasmosis,2,CONFIRMED,ACTIVE
STATE,Jalisco,Trichinosis,3,CONFIRMED,ACTIVE
STATE,Jalisco,Trichomonas infection,82,CONFIRMED,ACTIVE
STATE,Jalisco,Tuberculosis,94997,CONFIRMED,ACTIVE
STATE,Jalisco,Typhoid fever,31,CONFIRMED,ACTIVE
STATE,Jalisco,Urethritis,48498,CONFIRMED,ACTIVE
STATE,Jalisco,Vaginal yeast infection,1044,CONFIRMED,ACTIVE
STATE,Jalisco,Vaginitis,404,CONFIRMED,ACTIVE
STATE,Jalisco,Viral exanthem,8978,CONFIRMED,ACTIVE
STATE,Jalisco,Whooping cough,30,CONFIRMED,ACTIVE
STATE,Michoacán,Acute otitis media,2490,CONFIRMED,ACTIVE
STATE,Michoacán,Brucellosis,37,CONFIRMED,ACTIVE
STATE,Michoacán,COVID-19,5,CONFIRMED,ACTIVE
STATE,Michoacán,Chagas disease,6,CONFIRMED,ACTIVE
STATE,Michoacán,Chancroid,2,CONFIRMED,ACTIVE
STATE,Michoacán,Chickenpox,479,CONFIRMED,ACTIVE
STATE,Michoacán,Common cold,162989,CONFIRMED,ACTIVE
STATE,Michoacán,Conjunctivitis,3184,CONFIRMED,ACTIVE
STATE,Michoacán,Conjunctivitis due to virus,5,CONFIRMED,ACTIVE
STATE,Michoacán,Cysticercosis,3,CONFIRMED,ACTIVE
STATE,Michoacán,Dengue Severe,3,CONFIRMED,ACTIVE
STATE,Michoacán,Dengue fever,37,CONFIRMED,ACTIVE
STATE,Michoacán,Erysipelas,12,CONFIRMED,ACTIVE
STATE,Michoacán,Genital herpes,42,CONFIRMED,ACTIVE
STATE,Michoacán,Gonorrhea,15,CONFIRMED,ACTIVE
STATE,Michoacán,HIV/AIDS,108,CONFIRMED,ACTIVE
STATE,Michoacán,HPV,25,CONFIRMED,ACTIVE
STATE,Michoacán,Healthcare-associated infection,676,CONFIRMED,ACTIVE
STATE,Michoacán,Hepatitis A,19,CONFIRMED,ACTIVE
STATE,Michoacán,Hepatitis B,3,CONFIRMED,ACTIVE
STATE,Michoacán,Hepatitis C,19,CONFIRMED,ACTIVE
STATE,Michoacán,Infectious gastroenteritis,47194,CONFIRMED,ACTIVE
STATE,Michoacán,Influenza,58,CONFIRMED,ACTIVE
STATE,Michoacán,Leprosy,3,CONFIRMED,ACTIVE
STATE,Michoacán,Meningitis,12,CONFIRMED,ACTIVE
STATE,Michoacán,Mumps,57,CONFIRMED,ACTIVE
STATE,Michoacán,Myiasis,2,CONFIRMED,ACTIVE
STATE,Michoacán,Other viral hepatitis,11,CONFIRMED,ACTIVE
STATE,Michoacán,Parasitic disease,14916,CONFIRMED,ACTIVE
STATE,Michoacán,Paratyphoid fever,80,CONFIRMED,ACTIVE
STATE,Michoacán,Pinto disease,2,CONFIRMED,ACTIVE
STATE,Michoacán,Pinworm infection,112,CONFIRMED,ACTIVE
STATE,Michoacán,Pneumonia,550,CONFIRMED,ACTIVE
STATE,Michoacán,Scabies,131,CONFIRMED,ACTIVE
STATE,Michoacán,Scarlet fever,9,CONFIRMED,ACTIVE
STATE,Michoacán,Strep throat,1232,CONFIRMED,ACTIVE
STATE,Michoacán,Syphilis,146,CONFIRMED,ACTIVE
STATE,Michoacán,Toxoplasmosis,5,CONFIRMED,ACTIVE
STATE,Michoacán,Trichomonas infection,158,CONFIRMED,ACTIVE
STATE,Michoacán,Tuberculosis,63,CONFIRMED,ACTIVE
STATE,Michoacán,Typhoid fever,106,CONFIRMED,ACTIVE
STATE,Michoacán,Urethritis,25080,CONFIRMED,ACTIVE
STATE,Michoacán,Vaginal yeast infection,1132,CONFIRMED,ACTIVE
STATE,Michoacán,Vaginitis,611,CONFIRMED,ACTIVE
STATE,Michoacán,Viral exanthem,554,CONFIRMED,ACTIVE
STATE,Michoacán,Whooping cough,1,CONFIRMED,ACTIVE
STATE,Morelos,Acute otitis media,1655,CONFIRMED,ACTIVE
STATE,Morelos,Brucellosis,3,CONFIRMED,ACTIVE
STATE,Morelos,COVID-19,2,CONFIRMED,ACTIVE
STATE,Morelos,Chagas disease,10,CONFIRMED,ACTIVE
STATE,Morelos,Chancroid,2,CONFIRMED,ACTIVE
STATE,Morelos,Chickenpox,260,CONFIRMED,ACTIVE
STATE,Morelos,Common cold,99128,CONFIRMED,ACTIVE
STATE,Morelos,Conjunctivitis,2251,CONFIRMED,ACTIVE
STATE,Morelos,Cysticercosis,4,CONFIRMED,ACTIVE
STATE,Morelos,Dengue fever,2,CONFIRMED,ACTIVE
STATE,Morelos,Erysipelas,8,CONFIRMED,ACTIVE
STATE,Morelos,Genital herpes,56,CONFIRMED,ACTIVE
STATE,Morelos,Gonorrhea,53,CONFIRMED,ACTIVE
STATE,Morelos,HIV/AIDS,45,CONFIRMED,ACTIVE
STATE,Morelos,HPV,60,CONFIRMED,ACTIVE
STATE,Morelos,Healthcare-associated infection,578,CONFIRMED,ACTIVE
STATE,Morelos,Hepatitis A,23,CONFIRMED,ACTIVE
STATE,Morelos,Hepatitis C,12,CONFIRMED,ACTIVE
STATE,Morelos,Infectious gastroenteritis,44593,CONFIRMED,ACTIVE
STATE,Morelos,Influenza,134,CONFIRMED,ACTIVE
STATE,Morelos,Leptospirosis,2,CONFIRMED,ACTIVE
STATE,Morelos,Lymphogranuloma venereum,2,CONFIRMED,ACTIVE
STATE,Morelos,Meningitis,4,CONFIRMED,ACTIVE
STATE,Morelos,Mumps,15,CONFIRMED,ACTIVE
STATE,Morelos,Other viral hepatitis,10,CONFIRMED,ACTIVE
STATE,Morelos,Parasitic disease,406,CONFIRMED,ACTIVE
STATE,Morelos,Pinworm infection,14,CONFIRMED,ACTIVE
STATE,Morelos,Pneumonia,546,CONFIRMED,ACTIVE
STATE,Morelos,Scabies,38,CONFIRMED,ACTIVE
STATE,Morelos,Scarlet fever,16,CONFIRMED,ACTIVE
STATE,Morelos,Strep throat,888,CONFIRMED,ACTIVE
STATE,Morelos,Syphilis,40,CONFIRMED,ACTIVE
STATE,Morelos,Taeniasis,1,CONFIRMED,ACTIVE
STATE,Morelos,Toxoplasmosis,3,CONFIRMED,ACTIVE
STATE,Morelos,Trichomonas infection,63,CONFIRMED,ACTIVE
STATE,Morelos,Tuberculosis,49,CONFIRMED,ACTIVE
STATE,Morelos,Typhoid fever,3,CONFIRMED,ACTIVE
STATE,Morelos,Urethritis,19126,CONFIRMED,ACTIVE
STATE,Morelos,Vaginal yeast infection,552,CONFIRMED,ACTIVE
STATE,Morelos,Vaginitis,803,CONFIRMED,ACTIVE
STATE,Morelos,Viral exanthem,227,CONFIRMED,ACTIVE
STATE,México,Acute otitis media,211,CONFIRMED,ACTIVE
STATE,México,Brucellosis,3,CONFIRMED,ACTIVE
STATE,México,COVID-19,29,CONFIRMED,ACTIVE
STATE,México,Chagas disease,7,CONFIRMED,ACTIVE
STATE,México,Chancroid,8,CONFIRMED,ACTIVE
STATE,México,Chickenpox,2464,CONFIRMED,ACTIVE
STATE,México,Common cold,526365,CONFIRMED,ACTIVE
STATE,México,Conjunctivitis,34427,CONFIRMED,ACTIVE
STATE,México,Conjunctivitis due to virus,1,CONFIRMED,ACTIVE
STATE,México,Cysticercosis,1,CONFIRMED,ACTIVE
STATE,México,Dengue fever,2,CONFIRMED,ACTIVE
STATE,México,Erysipelas,46,CONFIRMED,ACTIVE
STATE,México,Genital herpes,52,CONFIRMED,ACTIVE
STATE,México,Gonorrhea,59,CONFIRMED,ACTIVE
STATE,México,HIV/AIDS,581,CONFIRMED,ACTIVE
STATE,México,HPV,605,CONFIRMED,ACTIVE
STATE,México,Healthcare-associated infection,961,CONFIRMED,ACTIVE
STATE,México,Hepatitis A,59,CONFIRMED,ACTIVE
STATE,México,Hepatitis B,11,CONFIRMED,ACTIVE
STATE,México,Hepatitis C,51,CONFIRMED,ACTIVE
STATE,México,Infectious gastroenteritis,167369,CONFIRMED,ACTIVE
STATE,México,Influenza,1370,CONFIRMED,ACTIVE
STATE,México,Leishmaniasis,1,CONFIRMED,ACTIVE
STATE,México,Lymphogranuloma venereum,4,CONFIRMED,ACTIVE
STATE,México,Meningitis,6,CONFIRMED,ACTIVE
STATE,México,Mpox,2,CONFIRMED,ACTIVE
STATE,México,Mumps,134,CONFIRMED,ACTIVE
STATE,México,Myiasis,2,CONFIRMED,ACTIVE
STATE,México,Other viral hepatitis,94,CONFIRMED,ACTIVE
STATE,México,Parasitic disease,751,CONFIRMED,ACTIVE
STATE,México,Paratyphoid fever,2,CONFIRMED,ACTIVE
STATE,México,Pinto disease,1,CONFIRMED,ACTIVE
STATE,México,Pinworm infection,133,CONFIRMED,ACTIVE
STATE,México,Pneumonia,4162,CONFIRMED,ACTIVE
STATE,México,Scabies,70186,CONFIRMED,ACTIVE
STATE,México,Scarlet fever,161,CONFIRMED,ACTIVE
STATE,México,Strep throat,5593,CONFIRMED,ACTIVE
STATE,México,Syphilis,175,CONFIRMED,ACTIVE
STATE,México,Toxoplasmosis,1,CONFIRMED,ACTIVE
STATE,México,Trichomonas infection,281,CONFIRMED,ACTIVE
STATE,México,Tuberculosis,68925,CONFIRMED,ACTIVE
STATE,México,Typhoid fever,70,CONFIRMED,ACTIVE
STATE,México,Urethritis,89965,CONFIRMED,ACTIVE
STATE,México,Vaginal yeast infection,2258,CONFIRMED,ACTIVE
STATE,México,Vaginitis,18697,CONFIRMED,ACTIVE
STATE,México,Viral exanthem,1083,CONFIRMED,ACTIVE
STATE,México,Whooping cough,37,CONFIRMED,ACTIVE
STATE,Nayarit,Acute otitis media,2330,CONFIRMED,ACTIVE
STATE,Nayarit,Brucellosis,3,CONFIRMED,ACTIVE
STATE,Nayarit,COVID-19,1,CONFIRMED,ACTIVE
STATE,Nayarit,Chagas disease,2,CONFIRMED,ACTIVE
STATE,Nayarit,Chancroid,12,CONFIRMED,ACTIVE
STATE,Nayarit,Chickenpox,226,CONFIRMED,ACTIVE
STATE,Nayarit,Common cold,67998,CONFIRMED,ACTIVE
STATE,Nayarit,Conjunctivitis,550,CONFIRMED,ACTIVE
STATE,Nayarit,Dengue Severe,8,CONFIRMED,ACTIVE
STATE,Nayarit,Dengue fever,43,CONFIRMED,ACTIVE
STATE,Nayarit,Erysipelas,3,CONFIRMED,ACTIVE
STATE,Nayarit,Genital herpes,44,CONFIRMED,ACTIVE
STATE,Nayarit,Gonorrhea,62,CONFIRMED,ACTIVE
STATE,Nayarit,HIV/AIDS,40,CONFIRMED,ACTIVE
STATE,Nayarit,HPV,5,CONFIRMED,ACTIVE
STATE,Nayarit,Healthcare-associated infection,276,CONFIRMED,ACTIVE
STATE,Nayarit,Hepatitis A,14,CONFIRMED,ACTIVE
STATE,Nayarit,Hepatitis B,2,CONFIRMED,ACTIVE
STATE,Nayarit,Hepatitis C,14,CONFIRMED,ACTIVE
STATE,Nayarit,Infectious gastroenteritis,17072,CONFIRMED,ACTIVE
STATE,Nayarit,Influenza,82,CONFIRMED,ACTIVE
STATE,Nayarit,Lymphogranuloma venereum,3,CONFIRMED,ACTIVE
STATE,Nayarit,Mumps,10,CONFIRMED,ACTIVE
STATE,Nayarit,Other viral hepatitis,10,CONFIRMED,ACTIVE
STATE,Nayarit,Parasitic disease,99696,CONFIRMED,ACTIVE
STATE,Nayarit,Paratyphoid fever,4,CONFIRMED,ACTIVE
STATE,Nayarit,Pinworm infection,63353,CONFIRMED,ACTIVE
STATE,Nayarit,Pneumonia,357,CONFIRMED,ACTIVE
STATE,Nayarit,Scabies,185535,CONFIRMED,ACTIVE
STATE,Nayarit,Syphilis,133,CONFIRMED,ACTIVE
STATE,Nayarit,Trichomonas infection,68,CONFIRMED,ACTIVE
STATE,Nayarit,Tuberculosis,33218,CONFIRMED,ACTIVE
STATE,Nayarit,Typhoid fever,1,CONFIRMED,ACTIVE
STATE,Nayarit,Urethritis,12802,CONFIRMED,ACTIVE
STATE,Nayarit,Vaginal yeast infection,574,CONFIRMED,ACTIVE
STATE,Nayarit,Vaginitis,664,CONFIRMED,ACTIVE
STATE,Nayarit,Viral exanthem,200,CONFIRMED,ACTIVE
STATE,Nayarit,Whooping cough,5,CONFIRMED,ACTIVE
STATE,Nuevo León,Acute otitis media,965,CONFIRMED,ACTIVE
STATE,Nuevo León,Brucellosis,8,CONFIRMED,ACTIVE
STATE,Nuevo León,COVID-19,6,CONFIRMED,ACTIVE
STATE,Nuevo León,Chagas disease,6,CONFIRMED,ACTIVE
STATE,Nuevo León,Chancroid,20,CONFIRMED,ACTIVE
STATE,Nuevo León,Chickenpox,681,CONFIRMED,ACTIVE
STATE,Nuevo León,Common cold,198816,CONFIRMED,ACTIVE
STATE,Nuevo León,Conjunctivitis,978,CONFIRMED,ACTIVE
STATE,Nuevo León,Cysticercosis,1,CONFIRMED,ACTIVE
STATE,Nuevo León,Dengue fever,2,CONFIRMED,ACTIVE
STATE,Nuevo León,Erysipelas,326,CONFIRMED,ACTIVE
STATE,Nuevo León,Genital herpes,85,CONFIRMED,ACTIVE
STATE,Nuevo León,Gonorrhea,47,CONFIRMED,ACTIVE
STATE,Nuevo León,HIV/AIDS,127,CONFIRMED,ACTIVE
STATE,Nuevo León,HPV,140,CONFIRMED,ACTIVE
STATE,Nuevo León,Healthcare-associated infection,456,CONFIRMED,ACTIVE
STATE,Nuevo León,Hepatitis A,10,CONFIRMED,ACTIVE
STATE,Nuevo León,Hepatitis B,6,CONFIRMED,ACTIVE
STATE,Nuevo León,Hepatitis C,20,CONFIRMED,ACTIVE
STATE,Nuevo León,Infectious gastroenteritis,69328,CONFIRMED,ACTIVE
STATE,Nuevo León,Influenza,662,CONFIRMED,ACTIVE
STATE,Nuevo León,Lymphogranuloma venereum,12,CONFIRMED,ACTIVE
STATE,Nuevo León,Meningitis,2,CONFIRMED,ACTIVE
STATE,Nuevo León,Mumps,261,CONFIRMED,ACTIVE
STATE,Nuevo León,Other viral hepatitis,22,CONFIRMED,ACTIVE
STATE,Nuevo León,Parasitic disease,261,CONFIRMED,ACTIVE
STATE,Nuevo León,Paratyphoid fever,4,CONFIRMED,ACTIVE
STATE,Nuevo León,Pinworm infection,62,CONFIRMED,ACTIVE
STATE,Nuevo León,Pneumonia,2796,CONFIRMED,ACTIVE
STATE,Nuevo León,Rocky Mountain spotted fever,11,CONFIRMED,ACTIVE
STATE,Nuevo León,Scabies,326935,CONFIRMED,ACTIVE
STATE,Nuevo León,Scarlet fever,35,CONFIRMED,ACTIVE
STATE,Nuevo León,Strep throat,605,CONFIRMED,ACTIVE
STATE,Nuevo León,Syphilis,354,CONFIRMED,ACTIVE
STATE,Nuevo León,Trichomonas infection,124,CONFIRMED,ACTIVE
STATE,Nuevo León,Tuberculosis,159020,CONFIRMED,ACTIVE
STATE,Nuevo León,Typhoid fever,10,CONFIRMED,ACTIVE
STATE,Nuevo León,Urethritis,27911,CONFIRMED,ACTIVE
STATE,Nuevo León,Vaginal yeast infection,963,CONFIRMED,ACTIVE
STATE,Nuevo León,Vaginitis,977,CONFIRMED,ACTIVE
STATE,Nuevo León,Viral exanthem,886,CONFIRMED,ACTIVE
STATE,Nuevo León,Whooping cough,45,CONFIRMED,ACTIVE
STATE,Oaxaca,Acute otitis media,6338,CONFIRMED,ACTIVE
STATE,Oaxaca,Brucellosis,13,CONFIRMED,ACTIVE
STATE,Oaxaca,COVID-19,3,CONFIRMED,ACTIVE
STATE,Oaxaca,Chagas disease,21,CONFIRMED,ACTIVE
STATE,Oaxaca,Chancroid,2,CONFIRMED,ACTIVE
STATE,Oaxaca,Chickenpox,483,CONFIRMED,ACTIVE
STATE,Oaxaca,Common cold,195580,CONFIRMED,ACTIVE
STATE,Oaxaca,Conjunctivitis,1001,CONFIRMED,ACTIVE
STATE,Oaxaca,Conjunctivitis due to virus,1,CONFIRMED,ACTIVE
STATE,Oaxaca,Cysticercosis,3,CONFIRMED,ACTIVE
STATE,Oaxaca,Dengue Severe,3,CONFIRMED,ACTIVE
STATE,Oaxaca,Dengue fever,11,CONFIRMED,ACTIVE
STATE,Oaxaca,Erysipelas,78,CONFIRMED,ACTIVE
STATE,Oaxaca,Genital herpes,58,CONFIRMED,ACTIVE
STATE,Oaxaca,Gonorrhea,56,CONFIRMED,ACTIVE
STATE,Oaxaca,HIV/AIDS,184,CONFIRMED,ACTIVE
STATE,Oaxaca,HPV,78,CONFIRMED,ACTIVE
STATE,Oaxaca,Healthcare-associated infection,858,CONFIRMED,ACTIVE
STATE,Oaxaca,Hepatitis A,12,CONFIRMED,ACTIVE
STATE,Oaxaca,Hepatitis B,16,CONFIRMED,ACTIVE
STATE,Oaxaca,Hepatitis C,22,CONFIRMED,ACTIVE
STATE,Oaxaca,Infectious gastroenteritis,43168,CONFIRMED,ACTIVE
STATE,Oaxaca,Influenza,164,CONFIRMED,ACTIVE
STATE,Oaxaca,Leprosy,1,CONFIRMED,ACTIVE
STATE,Oaxaca,Leptospirosis,7,CONFIRMED,ACTIVE
STATE,Oaxaca,Lymphogranuloma venereum,3,CONFIRMED,ACTIVE
STATE,Oaxaca,Meningitis,5,CONFIRMED,ACTIVE
STATE,Oaxaca,Mumps,37,CONFIRMED,ACTIVE
STATE,Oaxaca,Myiasis,16,CONFIRMED,ACTIVE
STATE,Oaxaca,Other viral hepatitis,13,CONFIRMED,ACTIVE
STATE,Oaxaca,Parasitic disease,207426,CONFIRMED,ACTIVE
STATE,Oaxaca,Paratyphoid fever,34,CONFIRMED,ACTIVE
STATE,Oaxaca,Pinto disease,2,CONFIRMED,ACTIVE
STATE,Oaxaca,Pinworm infection,488,CONFIRMED,ACTIVE
STATE,Oaxaca,Pneumonia,636,CONFIRMED,ACTIVE
STATE,Oaxaca,Scabies,269737,CONFIRMED,ACTIVE
STATE,Oaxaca,Scarlet fever,8,CONFIRMED,ACTIVE
STATE,Oaxaca,Strep throat,6646,CONFIRMED,ACTIVE
STATE,Oaxaca,Syphilis,112,CONFIRMED,ACTIVE
STATE,Oaxaca,Taeniasis,9,CONFIRMED,ACTIVE
STATE,Oaxaca,Toxoplasmosis,1,CONFIRMED,ACTIVE
STATE,Oaxaca,Trichomonas infection,173,CONFIRMED,ACTIVE
STATE,Oaxaca,Tuberculosis,60292,CONFIRMED,ACTIVE
STATE,Oaxaca,Typhoid fever,25,CONFIRMED,ACTIVE
STATE,Oaxaca,Urethritis,26491,CONFIRMED,ACTIVE
STATE,Oaxaca,Vaginal yeast infection,1335,CONFIRMED,ACTIVE
STATE,Oaxaca,Vaginitis,463,CONFIRMED,ACTIVE
STATE,Oaxaca,Viral exanthem,144,CONFIRMED,ACTIVE
STATE,Oaxaca,Whooping cough,9,CONFIRMED,ACTIVE
STATE,Puebla,Acute otitis media,3472,CONFIRMED,ACTIVE
STATE,Puebla,Brucellosis,43,CONFIRMED,ACTIVE
STATE,Puebla,COVID-19,6,CONFIRMED,ACTIVE
STATE,Puebla,Chagas disease,16,CONFIRMED,ACTIVE
STATE,Puebla,Chancroid,4,CONFIRMED,ACTIVE
STATE,Puebla,Chickenpox,335,CONFIRMED,ACTIVE
STATE,Puebla,Common cold,279523,CONFIRMED,ACTIVE
STATE,Puebla,Conjunctivitis,5547,CONFIRMED,ACTIVE
STATE,Puebla,Conjunctivitis due to virus,1,CONFIRMED,ACTIVE
STATE,Puebla,Cysticercosis,1,CONFIRMED,ACTIVE
STATE,Puebla,Dengue Severe,1,CONFIRMED,ACTIVE
STATE,Puebla,Dengue fever,2,CONFIRMED,ACTIVE
STATE,Puebla,Erysipelas,36,CONFIRMED,ACTIVE
STATE,Puebla,Genital herpes,32,CONFIRMED,ACTIVE
STATE,Puebla,Gonorrhea,38,CONFIRMED,ACTIVE
STATE,Puebla,HIV/AIDS,163,CONFIRMED,ACTIVE
STATE,Puebla,HPV,36,CONFIRMED,ACTIVE
STATE,Puebla,Healthcare-associated infection,1075,CONFIRMED,ACTIVE
STATE,Puebla,Hepatitis A,27,CONFIRMED,ACTIVE
STATE,Puebla,Hepatitis B,2,CONFIRMED,ACTIVE
STATE,Puebla,Hepatitis C,36,CONFIRMED,ACTIVE
STATE,Puebla,Infectious gastroenteritis,92263,CONFIRMED,ACTIVE
STATE,Puebla,Influenza,507,CONFIRMED,ACTIVE
STATE,Puebla,Leprosy,1,CONFIRMED,ACTIVE
STATE,Puebla,Lymphogranuloma venereum,3,CONFIRMED,ACTIVE
STATE,Puebla,Mpox,3,CONFIRMED,ACTIVE
STATE,Puebla,Mumps,30,CONFIRMED,ACTIVE
STATE,Puebla,Myiasis,9,CONFIRMED,ACTIVE
STATE,Puebla,Other viral hepatitis,7,CONFIRMED,ACTIVE
STATE,Puebla,Parasitic disease,86472,CONFIRMED,ACTIVE
STATE,Puebla,Paratyphoid fever,5,CONFIRMED,ACTIVE
STATE,Puebla,Pinworm infection,99,CONFIRMED,ACTIVE
STATE,Puebla,Pneumonia,922,CONFIRMED,ACTIVE
STATE,Puebla,Scabies,109,CONFIRMED,ACTIVE
STATE,Puebla,Scarlet fever,17,CONFIRMED,ACTIVE
STATE,Puebla,Strep throat,607,CONFIRMED,ACTIVE
STATE,Puebla,Syphilis,105,CONFIRMED,ACTIVE
STATE,Puebla,Taeniasis,6,CONFIRMED,ACTIVE
STATE,Puebla,Toxoplasmosis,3,CONFIRMED,ACTIVE
STATE,Puebla,Trichinosis,1,CONFIRMED,ACTIVE
STATE,Puebla,Trichomonas infection,360,CONFIRMED,ACTIVE
STATE,Puebla,Tuberculosis,54256,CONFIRMED,ACTIVE
STATE,Puebla,Typhoid fever,18,CONFIRMED,ACTIVE
STATE,Puebla,Urethritis,42443,CONFIRMED,ACTIVE
STATE,Puebla,Vaginal yeast infection,1327,CONFIRMED,ACTIVE
STATE,Puebla,Vaginitis,646,CONFIRMED,ACTIVE
STATE,Puebla,Viral exanthem,484,CONFIRMED,ACTIVE
STATE,Puebla,Whooping cough,3,CONFIRMED,ACTIVE
STATE,Querétaro,Acute otitis media,1773,CONFIRMED,ACTIVE
STATE,Querétaro,Brucellosis,2,CONFIRMED,ACTIVE
STATE,Querétaro,COVID-19,3,CONFIRMED,ACTIVE
STATE,Querétaro,Chagas disease,3,CONFIRMED,ACTIVE
STATE,Querétaro,Chancroid,1,CONFIRMED,ACTIVE
STATE,Querétaro,Chickenpox,408,CONFIRMED,ACTIVE
STATE,Querétaro,Common cold,129567,CONFIRMED,ACTIVE
STATE,Querétaro,Conjunctivitis,3266,CONFIRMED,ACTIVE
STATE,Querétaro,Dengue Severe,1,CONFIRMED,ACTIVE
STATE,Querétaro,Erysipelas,8,CONFIRMED,ACTIVE
STATE,Querétaro,Genital herpes,17,CONFIRMED,ACTIVE
STATE,Querétaro,Gonorrhea,1,CONFIRMED,ACTIVE
STATE,Querétaro,HIV/AIDS,97,CONFIRMED,ACTIVE
STATE,Querétaro,HPV,24,CONFIRMED,ACTIVE
STATE,Querétaro,Healthcare-associated infection,153,CONFIRMED,ACTIVE
STATE,Querétaro,Hepatitis A,9,CONFIRMED,ACTIVE
STATE,Querétaro,Hepatitis B,3,CONFIRMED,ACTIVE
STATE,Querétaro,Hepatitis C,31,CONFIRMED,ACTIVE
STATE,Querétaro,Infectious gastroenteritis,51735,CONFIRMED,ACTIVE
STATE,Querétaro,Influenza,89,CONFIRMED,ACTIVE
STATE,Querétaro,Lymphogranuloma venereum,3,CONFIRMED,ACTIVE
STATE,Querétaro,Meningitis,4,CONFIRMED,ACTIVE
STATE,Querétaro,Mumps,40,CONFIRMED,ACTIVE
STATE,Querétaro,Myiasis,2,CONFIRMED,ACTIVE
STATE,Querétaro,Other viral hepatitis,1,CONFIRMED,ACTIVE
STATE,Querétaro,Parasitic disease,23,CONFIRMED,ACTIVE
STATE,Querétaro,Pinworm infection,2,CONFIRMED,ACTIVE
STATE,Querétaro,Pneumonia,850,CONFIRMED,ACTIVE
STATE,Querétaro,Scabies,23,CONFIRMED,ACTIVE
STATE,Querétaro,Scarlet fever,8,CONFIRMED,ACTIVE
STATE,Querétaro,Strep throat,14,CONFIRMED,ACTIVE
STATE,Querétaro,Syphilis,94,CONFIRMED,ACTIVE
STATE,Querétaro,Trichomonas infection,27,CONFIRMED,ACTIVE
STATE,Querétaro,Tuberculosis,79,CONFIRMED,ACTIVE
STATE,Querétaro,Urethritis,24285,CONFIRMED,ACTIVE
STATE,Querétaro,Vaginal yeast infection,400,CONFIRMED,ACTIVE
STATE,Querétaro,Vaginitis,719,CONFIRMED,ACTIVE
STATE,Querétaro,Viral exanthem,267,CONFIRMED,ACTIVE
STATE,Querétaro,Whooping cough,35,CONFIRMED,ACTIVE
STATE,Quintana Roo,Acute otitis media,704,CONFIRMED,ACTIVE
STATE,Quintana Roo,Brucellosis,3,CONFIRMED,ACTIVE
STATE,Quintana Roo,COVID-19,1,CONFIRMED,ACTIVE
STATE,Quintana Roo,Chagas disease,3,CONFIRMED,ACTIVE
STATE,Quintana Roo,Chancroid,1,CONFIRMED,ACTIVE
STATE,Quintana Roo,Chickenpox,502,CONFIRMED,ACTIVE
STATE,Quintana Roo,Chikungunya,6,CONFIRMED,ACTIVE
STATE,Quintana Roo,Common cold,83980,CONFIRMED,ACTIVE
STATE,Quintana Roo,Conjunctivitis,215,CONFIRMED,ACTIVE
STATE,Quintana Roo,Conjunctivitis due to virus,1,CONFIRMED,ACTIVE
STATE,Quintana Roo,Cysticercosis,1,CONFIRMED,ACTIVE
STATE,Quintana Roo,Dengue Severe,1,CONFIRMED,ACTIVE
STATE,Quintana Roo,Dengue fever,63,CONFIRMED,ACTIVE
STATE,Quintana Roo,Erysipelas,47,CONFIRMED,ACTIVE
STATE,Quintana Roo,Genital herpes,65,CONFIRMED,ACTIVE
STATE,Quintana Roo,Gonorrhea,19,CONFIRMED,ACTIVE
STATE,Quintana Roo,HIV/AIDS,297,CONFIRMED,ACTIVE
STATE,Quintana Roo,HPV,33,CONFIRMED,ACTIVE
STATE,Quintana Roo,Healthcare-associated infection,598,CONFIRMED,ACTIVE
STATE,Quintana Roo,Hepatitis A,16,CONFIRMED,ACTIVE
STATE,Quintana Roo,Hepatitis B,8,CONFIRMED,ACTIVE
STATE,Quintana Roo,Hepatitis C,42,CONFIRMED,ACTIVE
STATE,Quintana Roo,Infectious gastroenteritis,27802,CONFIRMED,ACTIVE
STATE,Quintana Roo,Influenza,37,CONFIRMED,ACTIVE
STATE,Quintana Roo,Leishmaniasis,87,CONFIRMED,ACTIVE
STATE,Quintana Roo,Leprosy,1,CONFIRMED,ACTIVE
STATE,Quintana Roo,Leptospirosis,2,CONFIRMED,ACTIVE
STATE,Quintana Roo,Lymphogranuloma venereum,1,CONFIRMED,ACTIVE
STATE,Quintana Roo,Meningitis,6,CONFIRMED,ACTIVE
STATE,Quintana Roo,Mpox,5,CONFIRMED,ACTIVE
STATE,Quintana Roo,Mumps,52,CONFIRMED,ACTIVE
STATE,Quintana Roo,Myiasis,3,CONFIRMED,ACTIVE
STATE,Quintana Roo,Other viral hepatitis,2,CONFIRMED,ACTIVE
STATE,Quintana Roo,Parasitic disease,61979,CONFIRMED,ACTIVE
STATE,Quintana Roo,Paratyphoid fever,9,CONFIRMED,ACTIVE
STATE,Quintana Roo,Pinto disease,2,CONFIRMED,ACTIVE
STATE,Quintana Roo,Pinworm infection,75211,CONFIRMED,ACTIVE
STATE,Quintana Roo,Pneumonia,364,CONFIRMED,ACTIVE
STATE,Quintana Roo,Scabies,218764,CONFIRMED,ACTIVE
STATE,Quintana Roo,Scarlet fever,3,CONFIRMED,ACTIVE
STATE,Quintana Roo,Strep throat,455,CONFIRMED,ACTIVE
STATE,Quintana Roo,Syphilis,172,CONFIRMED,ACTIVE
STATE,Quintana Roo,Toxoplasmosis,1,CONFIRMED,ACTIVE
STATE,Quintana Roo,Trichinosis,1,CONFIRMED,ACTIVE
STATE,Quintana Roo,Trichomonas infection,77,CONFIRMED,ACTIVE
STATE,Quintana Roo,Tuberculosis,47368,CONFIRMED,ACTIVE
STATE,Quintana Roo,Typhoid fever,5,CONFIRMED,ACTIVE
STATE,Quintana Roo,Urethritis,23784,CONFIRMED,ACTIVE
STATE,Quintana Roo,Vaginal yeast infection,479,CONFIRMED,ACTIVE
STATE,Quintana Roo,Vaginitis,596,CONFIRMED,ACTIVE
STATE,Quintana Roo,Viral exanthem,391,CONFIRMED,ACTIVE
STATE,Quintana Roo,Whooping cough,10,CONFIRMED,ACTIVE
STATE,San Luis Potosí,Acute otitis media,3413,CONFIRMED,ACTIVE
STATE,San Luis Potosí,Brucellosis,6,CONFIRMED,ACTIVE
STATE,San Luis Potosí,COVID-19,9,CONFIRMED,ACTIVE
STATE,San Luis Potosí,Chagas disease,8,CONFIRMED,ACTIVE
STATE,San Luis Potosí,Chancroid,2,CONFIRMED,ACTIVE
STATE,San Luis Potosí,Chickenpox,681,CONFIRMED,ACTIVE
STATE,San Luis Potosí,Common cold,138729,CONFIRMED,ACTIVE
STATE,San Luis Potosí,Conjunctivitis,2554,CONFIRMED,ACTIVE
STATE,San Luis Potosí,Conjunctivitis due to virus,2,CONFIRMED,ACTIVE
STATE,San Luis Potosí,Cysticercosis,4,CONFIRMED,ACTIVE
STATE,San Luis Potosí,Dengue Severe,2,CONFIRMED,ACTIVE
STATE,San Luis Potosí,Dengue fever,6,CONFIRMED,ACTIVE
STATE,San Luis Potosí,Erysipelas,21,CONFIRMED,ACTIVE
STATE,San Luis Potosí,Genital herpes,31,CONFIRMED,ACTIVE
STATE,San Luis Potosí,Gonorrhea,8,CONFIRMED,ACTIVE
STATE,San Luis Potosí,HIV/AIDS,103,CONFIRMED,ACTIVE
STATE,San Luis Potosí,HPV,36,CONFIRMED,ACTIVE
STATE,San Luis Potosí,Healthcare-associated infection,571,CONFIRMED,ACTIVE
STATE,San Luis Potosí,Hepatitis A,11,CONFIRMED,ACTIVE
STATE,San Luis Potosí,Hepatitis B,2,CONFIRMED,ACTIVE
STATE,San Luis Potosí,Hepatitis C,9,CONFIRMED,ACTIVE
STATE,San Luis Potosí,Infectious gastroenteritis,42374,CONFIRMED,ACTIVE
STATE,San Luis Potosí,Influenza,196,CONFIRMED,ACTIVE
STATE,San Luis Potosí,Leptospirosis,1,CONFIRMED,ACTIVE
STATE,San Luis Potosí,Lymphogranuloma venereum,2,CONFIRMED,ACTIVE
STATE,San Luis Potosí,Meningitis,5,CONFIRMED,ACTIVE
STATE,San Luis Potosí,Mumps,51,CONFIRMED,ACTIVE
STATE,San Luis Potosí,Myiasis,3,CONFIRMED,ACTIVE
STATE,San Luis Potosí,Other viral hepatitis,16,CONFIRMED,ACTIVE
STATE,San Luis Potosí,Parasitic disease,526,CONFIRMED,ACTIVE
STATE,San Luis Potosí,Paratyphoid fever,6,CONFIRMED,ACTIVE
STATE,San Luis Potosí,Pinworm infection,30,CONFIRMED,ACTIVE
STATE,San Luis Potosí,Pneumonia,822,CONFIRMED,ACTIVE
STATE,San Luis Potosí,Scabies,95248,CONFIRMED,ACTIVE
STATE,San Luis Potosí,Scarlet fever,10,CONFIRMED,ACTIVE
STATE,San Luis Potosí,Strep throat,278,CONFIRMED,ACTIVE
STATE,San Luis Potosí,Syphilis,156,CONFIRMED,ACTIVE
STATE,San Luis Potosí,Taeniasis,21,CONFIRMED,ACTIVE
STATE,San Luis Potosí,Tetanus,1,CONFIRMED,ACTIVE
STATE,San Luis Potosí,Toxoplasmosis,1,CONFIRMED,ACTIVE
STATE,San Luis Potosí,Trichomonas infection,82,CONFIRMED,ACTIVE
STATE,San Luis Potosí,Tuberculosis,40220,CONFIRMED,ACTIVE
STATE,San Luis Potosí,Typhoid fever,51,CONFIRMED,ACTIVE
STATE,San Luis Potosí,Urethritis,19155,CONFIRMED,ACTIVE
STATE,San Luis Potosí,Vaginal yeast infection,708,CONFIRMED,ACTIVE
STATE,San Luis Potosí,Vaginitis,223,CONFIRMED,ACTIVE
STATE,San Luis Potosí,Viral exanthem,107,CONFIRMED,ACTIVE
STATE,San Luis Potosí,Whooping cough,28,CONFIRMED,ACTIVE
STATE,Sinaloa,Acute otitis media,767,CONFIRMED,ACTIVE
STATE,Sinaloa,Brucellosis,16,CONFIRMED,ACTIVE
STATE,Sinaloa,Chagas disease,2,CONFIRMED,ACTIVE
STATE,Sinaloa,Chancroid,2,CONFIRMED,ACTIVE
STATE,Sinaloa,Chickenpox,514,CONFIRMED,ACTIVE
STATE,Sinaloa,Common cold,129680,CONFIRMED,ACTIVE
STATE,Sinaloa,Conjunctivitis,596,CONFIRMED,ACTIVE
STATE,Sinaloa,Cysticercosis,4,CONFIRMED,ACTIVE
STATE,Sinaloa,Dengue Severe,21,CONFIRMED,ACTIVE
STATE,Sinaloa,Dengue fever,265,CONFIRMED,ACTIVE
STATE,Sinaloa,Erysipelas,15,CONFIRMED,ACTIVE
STATE,Sinaloa,Genital herpes,32,CONFIRMED,ACTIVE
STATE,Sinaloa,Gonorrhea,10,CONFIRMED,ACTIVE
STATE,Sinaloa,HIV/AIDS,102,CONFIRMED,ACTIVE
STATE,Sinaloa,HPV,105,CONFIRMED,ACTIVE
STATE,Sinaloa,Healthcare-associated infection,376,CONFIRMED,ACTIVE
STATE,Sinaloa,Hepatitis A,19,CONFIRMED,ACTIVE
STATE,Sinaloa,Hepatitis B,8,CONFIRMED,ACTIVE
STATE,Sinaloa,Hepatitis C,84,CONFIRMED,ACTIVE
STATE,Sinaloa,Infectious gastroenteritis,34274,CONFIRMED,ACTIVE
STATE,Sinaloa,Influenza,118,CONFIRMED,ACTIVE
STATE,Sinaloa,Leprosy,5,CONFIRMED,ACTIVE
STATE,Sinaloa,Leptospirosis,32,CONFIRMED,ACTIVE
STATE,Sinaloa,Meningitis,15,CONFIRMED,ACTIVE
STATE,Sinaloa,Mumps,81,CONFIRMED,ACTIVE
STATE,Sinaloa,Other viral hepatitis,36,CONFIRMED,ACTIVE
STATE,Sinaloa,Parasitic disease,1213,CONFIRMED,ACTIVE
STATE,Sinaloa,Paratyphoid fever,68,CONFIRMED,ACTIVE
STATE,Sinaloa,Pinto disease,1,CONFIRMED,ACTIVE
STATE,Sinaloa,Pinworm infection,60155,CONFIRMED,ACTIVE
STATE,Sinaloa,Pneumonia,955,CONFIRMED,ACTIVE
STATE,Sinaloa,Rocky Mountain spotted fever,8,CONFIRMED,ACTIVE
STATE,Sinaloa,Scabies,184725,CONFIRMED,ACTIVE
STATE,Sinaloa,Scarlet fever,18,CONFIRMED,ACTIVE
STATE,Sinaloa,Strep throat,411,CONFIRMED,ACTIVE
STATE,Sinaloa,Syphilis,242,CONFIRMED,ACTIVE
STATE,Sinaloa,Toxoplasmosis,1,CONFIRMED,ACTIVE
STATE,Sinaloa,Trichomonas infection,56,CONFIRMED,ACTIVE
STATE,Sinaloa,Tuberculosis,113679,CONFIRMED,ACTIVE
STATE,Sinaloa,Typhoid fever,141,CONFIRMED,ACTIVE
STATE,Sinaloa,Urethritis,22704,CONFIRMED,ACTIVE
STATE,Sinaloa,Vaginal yeast infection,611,CONFIRMED,ACTIVE
STATE,Sinaloa,Vaginitis,543,CONFIRMED,ACTIVE
STATE,Sinaloa,Viral exanthem,509,CONFIRMED,ACTIVE
STATE,Sinaloa,Whooping cough,12,CONFIRMED,ACTIVE
STATE,Sonora,Acute otitis media,896,CONFIRMED,ACTIVE
STATE,Sonora,Brucellosis,1,CONFIRMED,ACTIVE
STATE,Sonora,COVID-19,4,CONFIRMED,ACTIVE
STATE,Sonora,Chancroid,2,CONFIRMED,ACTIVE
STATE,Sonora,Chickenpox,328,CONFIRMED,ACTIVE
STATE,Sonora,Common cold,122697,CONFIRMED,ACTIVE
STATE,Sonora,Conjunctivitis,315,CONFIRMED,ACTIVE
STATE,Sonora,Conjunctivitis due to virus,1,CONFIRMED,ACTIVE
STATE,Sonora,Dengue Severe,8,CONFIRMED,ACTIVE
STATE,Sonora,Dengue fever,360,CONFIRMED,ACTIVE
STATE,Sonora,Erysipelas,10,CONFIRMED,ACTIVE
STATE,Sonora,Genital herpes,42,CONFIRMED,ACTIVE
STATE,Sonora,Gonorrhea,35,CONFIRMED,ACTIVE
STATE,Sonora,HIV/AIDS,83,CONFIRMED,ACTIVE
STATE,Sonora,HPV,27,CONFIRMED,ACTIVE
STATE,Sonora,Healthcare-associated infection,1057,CONFIRMED,ACTIVE
STATE,Sonora,Hepatitis A,60,CONFIRMED,ACTIVE
STATE,Sonora,Hepatitis B,7,CONFIRMED,ACTIVE
STATE,Sonora,Hepatitis C,73,CONFIRMED,ACTIVE
STATE,Sonora,Infectious gastroenteritis,45789,CONFIRMED,ACTIVE
STATE,Sonora,Influenza,85,CONFIRMED,ACTIVE
STATE,Sonora,Leptospirosis,2,CONFIRMED,ACTIVE
STATE,Sonora,Lymphogranuloma venereum,3,CONFIRMED,ACTIVE
STATE,Sonora,Meningitis,8,CONFIRMED,ACTIVE
STATE,Sonora,Mpox,1,CONFIRMED,ACTIVE
STATE,Sonora,Mumps,79,CONFIRMED,ACTIVE
STATE,Sonora,Other viral hepatitis,36,CONFIRMED,ACTIVE
STATE,Sonora,Parasitic disease,645,CONFIRMED,ACTIVE
STATE,Sonora,Paratyphoid fever,9,CONFIRMED,ACTIVE
STATE,Sonora,Pinto disease,1,CONFIRMED,ACTIVE
STATE,Sonora,Pinworm infection,60,CONFIRMED,ACTIVE
STATE,Sonora,Pneumonia,2494,CONFIRMED,ACTIVE
STATE,Sonora,Rocky Mountain spotted fever,34,CONFIRMED,ACTIVE
STATE,Sonora,Scabies,188592,CONFIRMED,ACTIVE
STATE,Sonora,Scarlet fever,20,CONFIRMED,ACTIVE
STATE,Sonora,Strep throat,3484,CONFIRMED,ACTIVE
STATE,Sonora,Syphilis,174,CONFIRMED,ACTIVE
STATE,Sonora,Taeniasis,2,CONFIRMED,ACTIVE
STATE,Sonora,Trichomonas infection,57,CONFIRMED,ACTIVE
STATE,Sonora,Tuberculosis,96546,CONFIRMED,ACTIVE
STATE,Sonora,Typhoid fever,8,CONFIRMED,ACTIVE
STATE,Sonora,Urethritis,21280,CONFIRMED,ACTIVE
STATE,Sonora,Vaginal yeast infection,426,CONFIRMED,ACTIVE
STATE,Sonora,Vaginitis,279,CONFIRMED,ACTIVE
STATE,Sonora,Viral exanthem,652,CONFIRMED,ACTIVE
STATE,Sonora,Whooping cough,33,CONFIRMED,ACTIVE
STATE,Tabasco,Acute otitis media,659,CONFIRMED,ACTIVE
STATE,Tabasco,COVID-19,1,CONFIRMED,ACTIVE
STATE,Tabasco,Chagas disease,5,CONFIRMED,ACTIVE
STATE,Tabasco,Chancroid,4,CONFIRMED,ACTIVE
STATE,Tabasco,Chickenpox,598,CONFIRMED,ACTIVE
STATE,Tabasco,Common cold,134645,CONFIRMED,ACTIVE
STATE,Tabasco,Conjunctivitis,554,CONFIRMED,ACTIVE
STATE,Tabasco,Dengue Severe,7,CONFIRMED,ACTIVE
STATE,Tabasco,Dengue fever,291,CONFIRMED,ACTIVE
STATE,Tabasco,Erysipelas,177,CONFIRMED,ACTIVE
STATE,Tabasco,Genital herpes,37,CONFIRMED,ACTIVE
STATE,Tabasco,Gonorrhea,56,CONFIRMED,ACTIVE
STATE,Tabasco,HIV/AIDS,94,CONFIRMED,ACTIVE
STATE,Tabasco,HPV,13,CONFIRMED,ACTIVE
STATE,Tabasco,Healthcare-associated infection,288,CONFIRMED,ACTIVE
STATE,Tabasco,Hepatitis A,13,CONFIRMED,ACTIVE
STATE,Tabasco,Hepatitis B,3,CONFIRMED,ACTIVE
STATE,Tabasco,Hepatitis C,20,CONFIRMED,ACTIVE
STATE,Tabasco,Infectious gastroenteritis,32101,CONFIRMED,ACTIVE
STATE,Tabasco,Influenza,74,CONFIRMED,ACTIVE
STATE,Tabasco,Leishmaniasis,19,CONFIRMED,ACTIVE
STATE,Tabasco,Leptospirosis,8,CONFIRMED,ACTIVE
STATE,Tabasco,Meningitis,12,CONFIRMED,ACTIVE
STATE,Tabasco,Mumps,89,CONFIRMED,ACTIVE
STATE,Tabasco,Myiasis,2,CONFIRMED,ACTIVE
STATE,Tabasco,Other viral hepatitis,2,CONFIRMED,ACTIVE
STATE,Tabasco,Parasitic disease,224403,CONFIRMED,ACTIVE
STATE,Tabasco,Paratyphoid fever,57,CONFIRMED,ACTIVE
STATE,Tabasco,Pinworm infection,2300,CONFIRMED,ACTIVE
STATE,Tabasco,Pneumonia,881,CONFIRMED,ACTIVE
STATE,Tabasco,Scabies,266821,CONFIRMED,ACTIVE
STATE,Tabasco,Scarlet fever,1,CONFIRMED,ACTIVE
STATE,Tabasco,Strep throat,1288,CONFIRMED,ACTIVE
STATE,Tabasco,Syphilis,44,CONFIRMED,ACTIVE
STATE,Tabasco,Trichomonas infection,95,CONFIRMED,ACTIVE
STATE,Tabasco,Tuberculosis,65592,CONFIRMED,ACTIVE
STATE,Tabasco,Typhoid fever,87,CONFIRMED,ACTIVE
STATE,Tabasco,Urethritis,33505,CONFIRMED,ACTIVE
STATE,Tabasco,Vaginal yeast infection,1237,CONFIRMED,ACTIVE
STATE,Tabasco,Vaginitis,520,CONFIRMED,ACTIVE
STATE,Tabasco,Viral exanthem,459,CONFIRMED,ACTIVE
STATE,Tabasco,Whooping cough,1,CONFIRMED,ACTIVE
STATE,Tamaulipas,Acute otitis media,802,CONFIRMED,ACTIVE
STATE,Tamaulipas,Brucellosis,9,CONFIRMED,ACTIVE
STATE,Tamaulipas,Chagas disease,14,CONFIRMED,ACTIVE
STATE,Tamaulipas,Chancroid,6,CONFIRMED,ACTIVE
STATE,Tamaulipas,Chickenpox,919,CONFIRMED,ACTIVE
STATE,Tamaulipas,Common cold,193124,CONFIRMED,ACTIVE
STATE,Tamaulipas,Conjunctivitis,508,CONFIRMED,ACTIVE
STATE,Tamaulipas,Conjunctivitis due to virus,10,CONFIRMED,ACTIVE
STATE,Tamaulipas,Cysticercosis,5,CONFIRMED,ACTIVE
STATE,Tamaulipas,Dengue Severe,1,CONFIRMED,ACTIVE
STATE,Tamaulipas,Dengue fever,24,CONFIRMED,ACTIVE
STATE,Tamaulipas,Erysipelas,210,CONFIRMED,ACTIVE
STATE,Tamaulipas,Genital herpes,55173,CONFIRMED,ACTIVE
STATE,Tamaulipas,Gonorrhea,107,CONFIRMED,ACTIVE
STATE,Tamaulipas,HIV/AIDS,42,CONFIRMED,ACTIVE
STATE,Tamaulipas,HPV,162,CONFIRMED,ACTIVE
STATE,Tamaulipas,Healthcare-associated infection,522,CONFIRMED,ACTIVE
STATE,Tamaulipas,Hepatitis A,17,CONFIRMED,ACTIVE
STATE,Tamaulipas,Hepatitis B,13,CONFIRMED,ACTIVE
STATE,Tamaulipas,Hepatitis C,44,CONFIRMED,ACTIVE
STATE,Tamaulipas,Infectious gastroenteritis,96835,CONFIRMED,ACTIVE
STATE,Tamaulipas,Influenza,54,CONFIRMED,ACTIVE
STATE,Tamaulipas,Leprosy,1,CONFIRMED,ACTIVE
STATE,Tamaulipas,Lymphogranuloma venereum,4,CONFIRMED,ACTIVE
STATE,Tamaulipas,Meningitis,15,CONFIRMED,ACTIVE
STATE,Tamaulipas,Mumps,114,CONFIRMED,ACTIVE
STATE,Tamaulipas,Myiasis,3,CONFIRMED,ACTIVE
STATE,Tamaulipas,Other viral hepatitis,11,CONFIRMED,ACTIVE
STATE,Tamaulipas,Parasitic disease,717,CONFIRMED,ACTIVE
STATE,Tamaulipas,Paratyphoid fever,37,CONFIRMED,ACTIVE
STATE,Tamaulipas,Pinto disease,1,CONFIRMED,ACTIVE
STATE,Tamaulipas,Pinworm infection,138,CONFIRMED,ACTIVE
STATE,Tamaulipas,Pneumonia,1125,CONFIRMED,ACTIVE
STATE,Tamaulipas,Rocky Mountain spotted fever,1,CONFIRMED,ACTIVE
STATE,Tamaulipas,Scabies,289266,CONFIRMED,ACTIVE
STATE,Tamaulipas,Scarlet fever,3,CONFIRMED,ACTIVE
STATE,Tamaulipas,Strep throat,11859,CONFIRMED,ACTIVE
STATE,Tamaulipas,Syphilis,462,CONFIRMED,ACTIVE
STATE,Tamaulipas,Taeniasis,1,CONFIRMED,ACTIVE
STATE,Tamaulipas,Toxoplasmosis,1,CONFIRMED,ACTIVE
STATE,Tamaulipas,Trichomonas infection,167,CONFIRMED,ACTIVE
STATE,Tamaulipas,Tuberculosis,138434,CONFIRMED,ACTIVE
STATE,Tamaulipas,Typhoid fever,215,CONFIRMED,ACTIVE
STATE,Tamaulipas,Urethritis,37107,CONFIRMED,ACTIVE
STATE,Tamaulipas,Vaginal yeast infection,1565,CONFIRMED,ACTIVE
STATE,Tamaulipas,Vaginitis,702,CONFIRMED,ACTIVE
STATE,Tamaulipas,Viral exanthem,104,CONFIRMED,ACTIVE
STATE,Tamaulipas,Whooping cough,9,CONFIRMED,ACTIVE
STATE,Tlaxcala,Acute otitis media,1628,CONFIRMED,ACTIVE
STATE,Tlaxcala,Brucellosis,2,CONFIRMED,ACTIVE
STATE,Tlaxcala,COVID-19,5,CONFIRMED,ACTIVE
STATE,Tlaxcala,Chagas disease,1,CONFIRMED,ACTIVE
STATE,Tlaxcala,Chancroid,4,CONFIRMED,ACTIVE
STATE,Tlaxcala,Chickenpox,88,CONFIRMED,ACTIVE
STATE,Tlaxcala,Common cold,109973,CONFIRMED,ACTIVE
STATE,Tlaxcala,Conjunctivitis,2223,CONFIRMED,ACTIVE
STATE,Tlaxcala,Conjunctivitis due to virus,3,CONFIRMED,ACTIVE
STATE,Tlaxcala,Erysipelas,12,CONFIRMED,ACTIVE
STATE,Tlaxcala,Genital herpes,20,CONFIRMED,ACTIVE
STATE,Tlaxcala,Gonorrhea,13,CONFIRMED,ACTIVE
STATE,Tlaxcala,HIV/AIDS,28,CONFIRMED,ACTIVE
STATE,Tlaxcala,HPV,67,CONFIRMED,ACTIVE
STATE,Tlaxcala,Healthcare-associated infection,326,CONFIRMED,ACTIVE
STATE,Tlaxcala,Hepatitis A,7,CONFIRMED,ACTIVE
STATE,Tlaxcala,Hepatitis B,1,CONFIRMED,ACTIVE
STATE,Tlaxcala,Hepatitis C,4,CONFIRMED,ACTIVE
STATE,Tlaxcala,Infectious gastroenteritis,47072,CONFIRMED,ACTIVE
STATE,Tlaxcala,Influenza,126,CONFIRMED,ACTIVE
STATE,Tlaxcala,Meningitis,12,CONFIRMED,ACTIVE
STATE,Tlaxcala,Mumps,23,CONFIRMED,ACTIVE
STATE,Tlaxcala,Other viral hepatitis,6,CONFIRMED,ACTIVE
STATE,Tlaxcala,Parasitic disease,107,CONFIRMED,ACTIVE
STATE,Tlaxcala,Paratyphoid fever,5,CONFIRMED,ACTIVE
STATE,Tlaxcala,Pinworm infection,73,CONFIRMED,ACTIVE
STATE,Tlaxcala,Pneumonia,578,CONFIRMED,ACTIVE
STATE,Tlaxcala,Scabies,20,CONFIRMED,ACTIVE
STATE,Tlaxcala,Scarlet fever,10,CONFIRMED,ACTIVE
STATE,Tlaxcala,Strep throat,706,CONFIRMED,ACTIVE
STATE,Tlaxcala,Syphilis,23,CONFIRMED,ACTIVE
STATE,Tlaxcala,Trichomonas infection,61,CONFIRMED,ACTIVE
STATE,Tlaxcala,Tuberculosis,16,CONFIRMED,ACTIVE
STATE,Tlaxcala,Typhoid fever,56,CONFIRMED,ACTIVE
STATE,Tlaxcala,Urethritis,10220,CONFIRMED,ACTIVE
STATE,Tlaxcala,Vaginal yeast infection,355,CONFIRMED,ACTIVE
STATE,Tlaxcala,Vaginitis,845,CONFIRMED,ACTIVE
STATE,Tlaxcala,Viral exanthem,165,CONFIRMED,ACTIVE
STATE,Tlaxcala,Whooping cough,2,CONFIRMED,ACTIVE
STATE,Veracruz,Acute otitis media,160,CONFIRMED,ACTIVE
STATE,Veracruz,Brucellosis,16,CONFIRMED,ACTIVE
STATE,Veracruz,COVID-19,4,CONFIRMED,ACTIVE
STATE,Veracruz,Chagas disease,29,CONFIRMED,ACTIVE
STATE,Veracruz,Chancroid,1,CONFIRMED,ACTIVE
STATE,Veracruz,Chickenpox,493,CONFIRMED,ACTIVE
STATE,Veracruz,Common cold,257040,CONFIRMED,ACTIVE
STATE,Veracruz,Conjunctivitis,511,CONFIRMED,ACTIVE
STATE,Veracruz,Conjunctivitis due to virus,1,CONFIRMED,ACTIVE
STATE,Veracruz,Cysticercosis,9,CONFIRMED,ACTIVE
STATE,Veracruz,Dengue Severe,3,CONFIRMED,ACTIVE
STATE,Veracruz,Dengue fever,240,CONFIRMED,ACTIVE
STATE,Veracruz,Erysipelas,467,CONFIRMED,ACTIVE
STATE,Veracruz,Genital herpes,81,CONFIRMED,ACTIVE
STATE,Veracruz,Gonorrhea,70,CONFIRMED,ACTIVE
STATE,Veracruz,HIV/AIDS,359,CONFIRMED,ACTIVE
STATE,Veracruz,HPV,80,CONFIRMED,ACTIVE
STATE,Veracruz,Healthcare-associated infection,769,CONFIRMED,ACTIVE
STATE,Veracruz,Hepatitis A,56,CONFIRMED,ACTIVE
STATE,Veracruz,Hepatitis B,11,CONFIRMED,ACTIVE
STATE,Veracruz,Hepatitis C,33,CONFIRMED,ACTIVE
STATE,Veracruz,Infectious gastroenteritis,145518,CONFIRMED,ACTIVE
STATE,Veracruz,Influenza,157,CONFIRMED,ACTIVE
STATE,Veracruz,Leishmaniasis,2,CONFIRMED,ACTIVE
STATE,Veracruz,Leptospirosis,11,CONFIRMED,ACTIVE
STATE,Veracruz,Lymphogranuloma venereum,1,CONFIRMED,ACTIVE
STATE,Veracruz,Meningitis,5,CONFIRMED,ACTIVE
STATE,Veracruz,Mumps,71,CONFIRMED,ACTIVE
STATE,Veracruz,Myiasis,27,CONFIRMED,ACTIVE
STATE,Veracruz,Other viral hepatitis,12,CONFIRMED,ACTIVE
STATE,Veracruz,Parasitic disease,3284,CONFIRMED,ACTIVE
STATE,Veracruz,Paratyphoid fever,46158,CONFIRMED,ACTIVE
STATE,Veracruz,Pinto disease,2,CONFIRMED,ACTIVE
STATE,Veracruz,Pinworm infection,4561,CONFIRMED,ACTIVE
STATE,Veracruz,Pneumonia,1068,CONFIRMED,ACTIVE
STATE,Veracruz,Rocky Mountain spotted fever,1,CONFIRMED,ACTIVE
STATE,Veracruz,Scabies,411638,CONFIRMED,ACTIVE
STATE,Veracruz,Scarlet fever,5,CONFIRMED,ACTIVE
STATE,Veracruz,Strep throat,6568,CONFIRMED,ACTIVE
STATE,Veracruz,Syphilis,173,CONFIRMED,ACTIVE
STATE,Veracruz,Tetanus,1,CONFIRMED,ACTIVE
STATE,Veracruz,Toxoplasmosis,1,CONFIRMED,ACTIVE
STATE,Veracruz,Trichomonas infection,377,CONFIRMED,ACTIVE
STATE,Veracruz,Tuberculosis,200137,CONFIRMED,ACTIVE
STATE,Veracruz,Typhoid fever,222,CONFIRMED,ACTIVE
STATE,Veracruz,Urethritis,54749,CONFIRMED,ACTIVE
STATE,Veracruz,Vaginal yeast infection,2923,CONFIRMED,ACTIVE
STATE,Veracruz,Vaginitis,975,CONFIRMED,ACTIVE
STATE,Veracruz,Viral exanthem,473,CONFIRMED,ACTIVE
STATE,Veracruz,Whooping cough,18,CONFIRMED,ACTIVE
STATE,Yucatán,Acute otitis media,691,CONFIRMED,ACTIVE
STATE,Yucatán,Brucellosis,5,CONFIRMED,ACTIVE
STATE,Yucatán,Chagas disease,10,CONFIRMED,ACTIVE
STATE,Yucatán,Chancroid,1,CONFIRMED,ACTIVE
STATE,Yucatán,Chickenpox,590,CONFIRMED,ACTIVE
STATE,Yucatán,Common cold,81704,CONFIRMED,ACTIVE
STATE,Yucatán,Conjunctivitis,968,CONFIRMED,ACTIVE
STATE,Yucatán,Conjunctivitis due to virus,2,CONFIRMED,ACTIVE
STATE,Yucatán,Dengue fever,9,CONFIRMED,ACTIVE
STATE,Yucatán,Erysipelas,63,CONFIRMED,ACTIVE
STATE,Yucatán,Genital herpes,19,CONFIRMED,ACTIVE
STATE,Yucatán,Gonorrhea,30,CONFIRMED,ACTIVE
STATE,Yucatán,HIV/AIDS,179,CONFIRMED,ACTIVE
STATE,Yucatán,HPV,19,CONFIRMED,ACTIVE
STATE,Yucatán,Healthcare-associated infection,651,CONFIRMED,ACTIVE
STATE,Yucatán,Hepatitis A,26,CONFIRMED,ACTIVE
STATE,Yucatán,Hepatitis B,18,CONFIRMED,ACTIVE
STATE,Yucatán,Hepatitis C,34,CONFIRMED,ACTIVE
STATE,Yucatán,Infectious gastroenteritis,21073,CONFIRMED,ACTIVE
STATE,Yucatán,Influenza,60,CONFIRMED,ACTIVE
STATE,Yucatán,Leishmaniasis,3,CONFIRMED,ACTIVE
STATE,Yucatán,Leptospirosis,4,CONFIRMED,ACTIVE
STATE,Yucatán,Meningitis,1,CONFIRMED,ACTIVE
STATE,Yucatán,Mpox,6,CONFIRMED,ACTIVE
STATE,Yucatán,Mumps,46,CONFIRMED,ACTIVE
STATE,Yucatán,Myiasis,13,CONFIRMED,ACTIVE
STATE,Yucatán,Other viral hepatitis,3,CONFIRMED,ACTIVE
STATE,Yucatán,Parasitic disease,364310,CONFIRMED,ACTIVE
STATE,Yucatán,Paratyphoid fever,7,CONFIRMED,ACTIVE
STATE,Yucatán,Pinworm infection,717,CONFIRMED,ACTIVE
STATE,Yucatán,Pneumonia,677,CONFIRMED,ACTIVE
STATE,Yucatán,Scabies,171557,CONFIRMED,ACTIVE
STATE,Yucatán,Scarlet fever,1,CONFIRMED,ACTIVE
STATE,Yucatán,Strep throat,123,CONFIRMED,ACTIVE
STATE,Yucatán,Syphilis,195,CONFIRMED,ACTIVE
STATE,Yucatán,Taeniasis,7,CONFIRMED,ACTIVE
STATE,Yucatán,Toxoplasmosis,2,CONFIRMED,ACTIVE
STATE,Yucatán,Trichomonas infection,17,CONFIRMED,ACTIVE
STATE,Yucatán,Tuberculosis,103,CONFIRMED,ACTIVE
STATE,Yucatán,Typhoid fever,5,CONFIRMED,ACTIVE
STATE,Yucatán,Urethritis,16216,CONFIRMED,ACTIVE
STATE,Yucatán,Vaginal yeast infection,429,CONFIRMED,ACTIVE
STATE,Yucatán,Vaginitis,428,CONFIRMED,ACTIVE
STATE,Yucatán,Viral exanthem,195,CONFIRMED,ACTIVE
STATE,Yucatán,Whooping cough,7,CONFIRMED,ACTIVE
STATE,Zacatecas,Acute otitis media,5208,CONFIRMED,ACTIVE
STATE,Zacatecas,Brucellosis,8,CONFIRMED,ACTIVE
STATE,Zacatecas,COVID-19,22,CONFIRMED,ACTIVE
STATE,Zacatecas,Chagas disease,2,CONFIRMED,ACTIVE
STATE,Zacatecas,Chancroid,3,CONFIRMED,ACTIVE
STATE,Zacatecas,Chickenpox,205,CONFIRMED,ACTIVE
STATE,Zacatecas,Common cold,188047,CONFIRMED,ACTIVE
STATE,Zacatecas,Conjunctivitis,2914,CONFIRMED,ACTIVE
STATE,Zacatecas,Genital herpes,23,CONFIRMED,ACTIVE
STATE,Zacatecas,Gonorrhea,44,CONFIRMED,ACTIVE
STATE,Zacatecas,HIV/AIDS,28,CONFIRMED,ACTIVE
STATE,Zacatecas,HPV,9,CONFIRMED,ACTIVE
STATE,Zacatecas,Healthcare-associated infection,429,CONFIRMED,ACTIVE
STATE,Zacatecas,Hepatitis A,3,CONFIRMED,ACTIVE
STATE,Zacatecas,Hepatitis C,6,CONFIRMED,ACTIVE
STATE,Zacatecas,Infectious gastroenteritis,54424,CONFIRMED,ACTIVE
STATE,Zacatecas,Influenza,318,CONFIRMED,ACTIVE
STATE,Zacatecas,Lymphogranuloma venereum,4,CONFIRMED,ACTIVE
STATE,Zacatecas,Meningitis,11,CONFIRMED,ACTIVE
STATE,Zacatecas,Mumps,27,CONFIRMED,ACTIVE
STATE,Zacatecas,Parasitic disease,77,CONFIRMED,ACTIVE
STATE,Zacatecas,Paratyphoid fever,24,CONFIRMED,ACTIVE
STATE,Zacatecas,Pinworm infection,12,CONFIRMED,ACTIVE
STATE,Zacatecas,Pneumonia,822,CONFIRMED,ACTIVE
STATE,Zacatecas,Scabies,21,CONFIRMED,ACTIVE
STATE,Zacatecas,Scarlet fever,5,CONFIRMED,ACTIVE
STATE,Zacatecas,Strep throat,846,CONFIRMED,ACTIVE
STATE,Zacatecas,Syphilis,29,CONFIRMED,ACTIVE
STATE,Zacatecas,Taeniasis,2,CONFIRMED,ACTIVE
STATE,Zacatecas,Trichomonas infection,74,CONFIRMED,ACTIVE
STATE,Zacatecas,Tuberculosis,43,CONFIRMED,ACTIVE
STATE,Zacatecas,Typhoid fever,268,CONFIRMED,ACTIVE
STATE,Zacatecas,Urethritis,22790,CONFIRMED,ACTIVE
STATE,Zacatecas,Vaginal yeast infection,666,CONFIRMED,ACTIVE
STATE,Zacatecas,Vaginitis,850,CONFIRMED,ACTIVE
STATE,Zacatecas,Viral exanthem,90,CONFIRMED,ACTIVE
STATE,Zacatecas,Whooping cough,19,CONFIRMED,ACTIVE
